Season,Race,Overtakes,TV,Percentage,indice,raceId,year,round,circuitId,name,date,url
1984,Brazil,61,14,22.95,0,436,1984,1,36,Brazilian Grand Prix,1984-03-25,http://en.wikipedia.org/wiki/1984_Brazilian_Grand_Prix
1984,South Africa,83,15,18.07,1,437,1984,2,30,South African Grand Prix,1984-04-07,http://en.wikipedia.org/wiki/1984_South_African_Grand_Prix
1984,Belgium,50,14,28.0,2,438,1984,3,40,Belgian Grand Prix,1984-04-29,http://en.wikipedia.org/wiki/1984_Belgian_Grand_Prix
1984,San Marino,53,5,9.43,3,439,1984,4,21,San Marino Grand Prix,1984-05-06,http://en.wikipedia.org/wiki/1984_San_Marino_Grand_Prix
1984,France,54,15,27.78,4,440,1984,5,41,French Grand Prix,1984-05-20,http://en.wikipedia.org/wiki/1984_French_Grand_Prix
1984,Monaco,22,5,22.73,5,441,1984,6,6,Monaco Grand Prix,1984-06-03,http://en.wikipedia.org/wiki/1984_Monaco_Grand_Prix
1984,Canada,57,5,8.77,6,442,1984,7,7,Canadian Grand Prix,1984-06-17,http://en.wikipedia.org/wiki/1984_Canadian_Grand_Prix
1984,Detroit,41,3,7.32,7,443,1984,8,37,Detroit Grand Prix,1984-06-24,http://en.wikipedia.org/wiki/1984_Detroit_Grand_Prix
1984,Dallas,45,6,13.33,8,444,1984,9,42,Dallas Grand Prix,1984-07-08,http://en.wikipedia.org/wiki/1984_Dallas_Grand_Prix
1984,Great Britain,16,0,0.0,9,445,1984,10,38,British Grand Prix,1984-07-22,http://en.wikipedia.org/wiki/1984_British_Grand_Prix
1984,Germany,50,1,2.0,10,446,1984,11,10,German Grand Prix,1984-08-05,http://en.wikipedia.org/wiki/1984_German_Grand_Prix
1984,Austria,44,2,4.55,11,447,1984,12,70,Austrian Grand Prix,1984-08-19,http://en.wikipedia.org/wiki/1984_Austrian_Grand_Prix
1984,Netherlands,50,6,12.0,12,448,1984,13,39,Dutch Grand Prix,1984-08-26,http://en.wikipedia.org/wiki/1984_Dutch_Grand_Prix
1984,Italy,51,9,17.65,13,449,1984,14,14,Italian Grand Prix,1984-09-09,http://en.wikipedia.org/wiki/1984_Italian_Grand_Prix
1984,Europe,44,4,9.09,14,450,1984,15,20,European Grand Prix,1984-10-07,http://en.wikipedia.org/wiki/1984_European_Grand_Prix
1984,Portugal,60,9,15.0,15,451,1984,16,27,Portuguese Grand Prix,1984-10-21,http://en.wikipedia.org/wiki/1984_Portuguese_Grand_Prix
1985,Brazil,63,2,3.17,16,420,1985,1,36,Brazilian Grand Prix,1985-04-07,http://en.wikipedia.org/wiki/1985_Brazilian_Grand_Prix
1985,Portugal,59,3,5.08,17,421,1985,2,27,Portuguese Grand Prix,1985-04-21,http://en.wikipedia.org/wiki/1985_Portuguese_Grand_Prix
1985,San Marino,49,8,16.33,18,422,1985,3,21,San Marino Grand Prix,1985-05-05,http://en.wikipedia.org/wiki/1985_San_Marino_Grand_Prix
1985,Monaco,22,7,31.82,19,423,1985,4,6,Monaco Grand Prix,1985-05-19,http://en.wikipedia.org/wiki/1985_Monaco_Grand_Prix
1985,Canada,48,5,10.42,20,424,1985,5,7,Canadian Grand Prix,1985-06-16,http://en.wikipedia.org/wiki/1985_Canadian_Grand_Prix
1985,Detroit,46,3,6.52,21,425,1985,6,37,Detroit Grand Prix,1985-06-23,http://en.wikipedia.org/wiki/1985_Detroit_Grand_Prix
1985,France,47,3,6.38,22,426,1985,7,34,French Grand Prix,1985-07-07,http://en.wikipedia.org/wiki/1985_French_Grand_Prix
1985,Great Britain,52,12,23.08,23,427,1985,8,9,British Grand Prix,1985-07-21,http://en.wikipedia.org/wiki/1985_British_Grand_Prix
1985,Germany,31,5,16.13,24,428,1985,9,20,German Grand Prix,1985-08-04,http://en.wikipedia.org/wiki/1985_German_Grand_Prix
1985,Austria,32,1,3.13,25,429,1985,10,70,Austrian Grand Prix,1985-08-18,http://en.wikipedia.org/wiki/1985_Austrian_Grand_Prix
1985,Netherlands,62,12,19.35,26,430,1985,11,39,Dutch Grand Prix,1985-08-25,http://en.wikipedia.org/wiki/1985_Dutch_Grand_Prix
1985,Italy,40,9,22.5,27,431,1985,12,14,Italian Grand Prix,1985-09-08,http://en.wikipedia.org/wiki/1985_Italian_Grand_Prix
1985,Belgium,65,6,9.23,28,432,1985,13,13,Belgian Grand Prix,1985-09-15,http://en.wikipedia.org/wiki/1985_Belgian_Grand_Prix
1985,Europe,64,11,17.19,29,433,1985,14,38,European Grand Prix,1985-10-06,http://en.wikipedia.org/wiki/1985_European_Grand_Prix
1985,South Africa,15,9,60.0,30,434,1985,15,30,South African Grand Prix,1985-10-19,http://en.wikipedia.org/wiki/1985_South_African_Grand_Prix
1985,Australia,47,6,12.77,31,435,1985,16,29,Australian Grand Prix,1985-11-03,http://en.wikipedia.org/wiki/1985_Australian_Grand_Prix
1986,Brazil,53,9,16.98,32,404,1986,1,36,Brazilian Grand Prix,1986-03-23,http://en.wikipedia.org/wiki/1986_Brazilian_Grand_Prix
1986,Spain,22,7,31.82,33,405,1986,2,26,Spanish Grand Prix,1986-04-13,http://en.wikipedia.org/wiki/1986_Spanish_Grand_Prix
1986,San Marino,34,6,17.65,34,406,1986,3,21,San Marino Grand Prix,1986-04-27,http://en.wikipedia.org/wiki/1986_San_Marino_Grand_Prix
1986,Monaco,21,7,33.33,35,407,1986,4,6,Monaco Grand Prix,1986-05-11,http://en.wikipedia.org/wiki/1986_Monaco_Grand_Prix
1986,Belgium,33,5,15.15,36,408,1986,5,13,Belgian Grand Prix,1986-05-25,http://en.wikipedia.org/wiki/1986_Belgian_Grand_Prix
1986,Canada,34,13,38.24,37,409,1986,6,7,Canadian Grand Prix,1986-06-15,http://en.wikipedia.org/wiki/1986_Canadian_Grand_Prix
1986,Detroit,59,12,20.34,38,410,1986,7,37,Detroit Grand Prix,1986-06-22,http://en.wikipedia.org/wiki/1986_Detroit_Grand_Prix
1986,France,35,11,31.43,39,411,1986,8,34,French Grand Prix,1986-07-06,http://en.wikipedia.org/wiki/1986_French_Grand_Prix
1986,Great Britain,23,3,13.04,40,412,1986,9,38,British Grand Prix,1986-07-13,http://en.wikipedia.org/wiki/1986_British_Grand_Prix
1986,Germany,65,6,9.23,41,413,1986,10,10,German Grand Prix,1986-07-27,http://en.wikipedia.org/wiki/1986_German_Grand_Prix
1986,Hungary,51,5,9.8,42,414,1986,11,11,Hungarian Grand Prix,1986-08-10,http://en.wikipedia.org/wiki/1986_Hungarian_Grand_Prix
1986,Austria,15,1,6.67,43,415,1986,12,70,Austrian Grand Prix,1986-08-17,http://en.wikipedia.org/wiki/1986_Austrian_Grand_Prix
1986,Italy,58,11,18.97,44,416,1986,13,14,Italian Grand Prix,1986-09-07,http://en.wikipedia.org/wiki/1986_Italian_Grand_Prix
1986,Portugal,29,2,6.9,45,417,1986,14,27,Portuguese Grand Prix,1986-09-21,http://en.wikipedia.org/wiki/1986_Portuguese_Grand_Prix
1986,Mexico,62,6,9.68,46,418,1986,15,32,Mexican Grand Prix,1986-10-12,http://en.wikipedia.org/wiki/1986_Mexican_Grand_Prix
1986,Australia,64,3,4.69,47,419,1986,16,29,Australian Grand Prix,1986-10-26,http://en.wikipedia.org/wiki/1986_Australian_Grand_Prix
1987,Brazil,48,13,27.08,48,388,1987,1,36,Brazilian Grand Prix,1987-04-12,http://en.wikipedia.org/wiki/1987_Brazilian_Grand_Prix
1987,San Marino,52,11,21.15,49,389,1987,2,21,San Marino Grand Prix,1987-05-03,http://en.wikipedia.org/wiki/1987_San_Marino_Grand_Prix
1987,Belgium,19,5,26.32,50,390,1987,3,13,Belgian Grand Prix,1987-05-17,http://en.wikipedia.org/wiki/1987_Belgian_Grand_Prix
1987,Monaco,16,1,6.25,51,391,1987,4,6,Monaco Grand Prix,1987-05-31,http://en.wikipedia.org/wiki/1987_Monaco_Grand_Prix
1987,Detroit,43,3,6.98,52,392,1987,5,37,Detroit Grand Prix,1987-06-21,http://en.wikipedia.org/wiki/1987_Detroit_Grand_Prix
1987,France,44,4,9.09,53,393,1987,6,34,French Grand Prix,1987-07-05,http://en.wikipedia.org/wiki/1987_French_Grand_Prix
1987,Great Britain,22,4,18.18,54,394,1987,7,9,British Grand Prix,1987-07-12,http://en.wikipedia.org/wiki/1987_British_Grand_Prix
1987,Germany,31,6,19.35,55,395,1987,8,10,German Grand Prix,1987-07-26,http://en.wikipedia.org/wiki/1987_German_Grand_Prix
1987,Hungary,29,3,10.34,56,396,1987,9,11,Hungarian Grand Prix,1987-08-09,http://en.wikipedia.org/wiki/1987_Hungarian_Grand_Prix
1987,Austria,72,9,12.5,57,397,1987,10,70,Austrian Grand Prix,1987-08-16,http://en.wikipedia.org/wiki/1987_Austrian_Grand_Prix
1987,Italy,27,6,22.22,58,398,1987,11,14,Italian Grand Prix,1987-09-06,http://en.wikipedia.org/wiki/1987_Italian_Grand_Prix
1987,Portugal,24,5,20.83,59,399,1987,12,27,Portuguese Grand Prix,1987-09-20,http://en.wikipedia.org/wiki/1987_Portuguese_Grand_Prix
1987,Spain,42,12,28.57,60,400,1987,13,26,Spanish Grand Prix,1987-09-27,http://en.wikipedia.org/wiki/1987_Spanish_Grand_Prix
1987,Mexico,24,5,20.83,61,401,1987,14,32,Mexican Grand Prix,1987-10-18,http://en.wikipedia.org/wiki/1987_Mexican_Grand_Prix
1987,Japan,45,6,13.33,62,402,1987,15,22,Japanese Grand Prix,1987-11-01,http://en.wikipedia.org/wiki/1987_Japanese_Grand_Prix
1987,Australia,54,4,7.41,63,403,1987,16,29,Australian Grand Prix,1987-11-15,http://en.wikipedia.org/wiki/1987_Australian_Grand_Prix
1988,Brazil,46,9,19.57,64,372,1988,1,36,Brazilian Grand Prix,1988-04-03,http://en.wikipedia.org/wiki/1988_Brazilian_Grand_Prix
1988,San Marino,41,14,34.15,65,373,1988,2,21,San Marino Grand Prix,1988-05-01,http://en.wikipedia.org/wiki/1988_San_Marino_Grand_Prix
1988,Monaco,11,0,0.0,66,374,1988,3,6,Monaco Grand Prix,1988-05-15,http://en.wikipedia.org/wiki/1988_Monaco_Grand_Prix
1988,Mexico,35,3,8.57,67,375,1988,4,32,Mexican Grand Prix,1988-05-29,http://en.wikipedia.org/wiki/1988_Mexican_Grand_Prix
1988,Canada,22,5,22.73,68,376,1988,5,7,Canadian Grand Prix,1988-06-12,http://en.wikipedia.org/wiki/1988_Canadian_Grand_Prix
1988,USA,36,8,22.22,69,377,1988,6,37,Detroit Grand Prix,1988-06-19,http://en.wikipedia.org/wiki/1988_Detroit_Grand_Prix
1988,France,36,10,27.78,70,378,1988,7,34,French Grand Prix,1988-07-03,http://en.wikipedia.org/wiki/1988_French_Grand_Prix
1988,Great Britain,40,10,25.0,71,379,1988,8,9,British Grand Prix,1988-07-10,http://en.wikipedia.org/wiki/1988_British_Grand_Prix
1988,Germany,29,4,13.79,72,380,1988,9,10,German Grand Prix,1988-07-24,http://en.wikipedia.org/wiki/1988_German_Grand_Prix
1988,Hungary,27,10,37.04,73,381,1988,10,11,Hungarian Grand Prix,1988-08-07,http://en.wikipedia.org/wiki/1988_Hungarian_Grand_Prix
1988,Belgium,30,5,16.67,74,382,1988,11,13,Belgian Grand Prix,1988-08-28,http://en.wikipedia.org/wiki/1988_Belgian_Grand_Prix
1988,Italy,32,7,21.88,75,383,1988,12,14,Italian Grand Prix,1988-09-11,http://en.wikipedia.org/wiki/1988_Italian_Grand_Prix
1988,Portugal,19,3,15.79,76,384,1988,13,27,Portuguese Grand Prix,1988-09-25,http://en.wikipedia.org/wiki/1988_Portuguese_Grand_Prix
1988,Spain,30,10,33.33,77,385,1988,14,26,Spanish Grand Prix,1988-10-02,http://en.wikipedia.org/wiki/1988_Spanish_Grand_Prix
1988,Japan,62,4,6.45,78,386,1988,15,22,Japanese Grand Prix,1988-10-30,http://en.wikipedia.org/wiki/1988_Japanese_Grand_Prix
1988,Australia,35,6,17.14,79,387,1988,16,29,Australian Grand Prix,1988-11-13,http://en.wikipedia.org/wiki/1988_Australian_Grand_Prix
1989,Brazil,31,7,22.58,80,356,1989,1,36,Brazilian Grand Prix,1989-03-26,http://en.wikipedia.org/wiki/1989_Brazilian_Grand_Prix
1989,San Marino,5,0,0.0,81,357,1989,2,21,San Marino Grand Prix,1989-04-23,http://en.wikipedia.org/wiki/1989_San_Marino_Grand_Prix
1989,Monaco,20,4,20.0,82,358,1989,3,6,Monaco Grand Prix,1989-05-07,http://en.wikipedia.org/wiki/1989_Monaco_Grand_Prix
1989,Mexico,47,5,10.64,83,359,1989,4,32,Mexican Grand Prix,1989-05-28,http://en.wikipedia.org/wiki/1989_Mexican_Grand_Prix
1989,USA,28,5,17.86,84,360,1989,5,33,United States Grand Prix,1989-06-04,http://en.wikipedia.org/wiki/1989_United_States_Grand_Prix
1989,Canada,58,11,18.97,85,361,1989,6,7,Canadian Grand Prix,1989-06-18,http://en.wikipedia.org/wiki/1989_Canadian_Grand_Prix
1989,France,38,5,13.16,86,362,1989,7,34,French Grand Prix,1989-07-09,http://en.wikipedia.org/wiki/1989_French_Grand_Prix
1989,Great Britain,40,5,12.5,87,363,1989,8,9,British Grand Prix,1989-07-16,http://en.wikipedia.org/wiki/1989_British_Grand_Prix
1989,Germany,27,4,14.81,88,364,1989,9,10,German Grand Prix,1989-07-30,http://en.wikipedia.org/wiki/1989_German_Grand_Prix
1989,Hungary,35,9,25.71,89,365,1989,10,11,Hungarian Grand Prix,1989-08-13,http://en.wikipedia.org/wiki/1989_Hungarian_Grand_Prix
1989,Belgium,20,0,0.0,90,366,1989,11,13,Belgian Grand Prix,1989-08-27,http://en.wikipedia.org/wiki/1989_Belgian_Grand_Prix
1989,Italy,28,9,32.14,91,367,1989,12,14,Italian Grand Prix,1989-09-10,http://en.wikipedia.org/wiki/1989_Italian_Grand_Prix
1989,Portugal,71,10,14.08,92,368,1989,13,27,Portuguese Grand Prix,1989-09-24,http://en.wikipedia.org/wiki/1989_Portuguese_Grand_Prix
1989,Spain,29,7,24.14,93,369,1989,14,26,Spanish Grand Prix,1989-10-01,http://en.wikipedia.org/wiki/1989_Spanish_Grand_Prix
1989,Japan,44,4,9.09,94,370,1989,15,22,Japanese Grand Prix,1989-10-22,http://en.wikipedia.org/wiki/1989_Japanese_Grand_Prix
1989,Australia,46,3,6.52,95,371,1989,16,29,Australian Grand Prix,1989-11-05,http://en.wikipedia.org/wiki/1989_Australian_Grand_Prix
1990,USA,44,8,18.18,96,321,1990,1,33,United States Grand Prix,1990-03-11,http://en.wikipedia.org/wiki/1990_United_States_Grand_Prix
1990,Brazil,42,4,9.52,97,322,1990,2,18,Brazilian Grand Prix,1990-03-25,http://en.wikipedia.org/wiki/1990_Brazilian_Grand_Prix
1990,San Marino,33,4,12.12,98,323,1990,3,21,San Marino Grand Prix,1990-05-13,http://en.wikipedia.org/wiki/1990_San_Marino_Grand_Prix
1990,Monaco,11,7,63.64,99,324,1990,4,6,Monaco Grand Prix,1990-05-27,http://en.wikipedia.org/wiki/1990_Monaco_Grand_Prix
1990,Canada,60,19,31.67,100,325,1990,5,7,Canadian Grand Prix,1990-06-10,http://en.wikipedia.org/wiki/1990_Canadian_Grand_Prix
1990,Mexico,73,15,20.55,101,326,1990,6,32,Mexican Grand Prix,1990-06-24,http://en.wikipedia.org/wiki/1990_Mexican_Grand_Prix
1990,France,36,6,16.67,102,327,1990,7,34,French Grand Prix,1990-07-08,http://en.wikipedia.org/wiki/1990_French_Grand_Prix
1990,Great Britain,49,11,22.45,103,328,1990,8,9,British Grand Prix,1990-07-15,http://en.wikipedia.org/wiki/1990_British_Grand_Prix
1990,Germany,20,2,10.0,104,329,1990,9,10,German Grand Prix,1990-07-29,http://en.wikipedia.org/wiki/1990_German_Grand_Prix
1990,Hungary,39,8,20.51,105,330,1990,10,11,Hungarian Grand Prix,1990-08-12,http://en.wikipedia.org/wiki/1990_Hungarian_Grand_Prix
1990,Belgium,31,6,19.35,106,331,1990,11,13,Belgian Grand Prix,1990-08-26,http://en.wikipedia.org/wiki/1990_Belgian_Grand_Prix
1990,Italy,17,4,23.53,107,332,1990,12,14,Italian Grand Prix,1990-09-09,http://en.wikipedia.org/wiki/1990_Italian_Grand_Prix
1990,Portugal,31,5,16.13,108,333,1990,13,27,Portuguese Grand Prix,1990-09-23,http://en.wikipedia.org/wiki/1990_Portuguese_Grand_Prix
1990,Spain,18,1,5.56,109,334,1990,14,26,Spanish Grand Prix,1990-09-30,http://en.wikipedia.org/wiki/1990_Spanish_Grand_Prix
1990,Japan,11,1,9.09,110,335,1990,15,22,Japanese Grand Prix,1990-10-21,http://en.wikipedia.org/wiki/1990_Japanese_Grand_Prix
1990,Australia,29,8,27.59,111,336,1990,16,29,Australian Grand Prix,1990-11-04,http://en.wikipedia.org/wiki/1990_Australian_Grand_Prix
1991,USA,27,7,25.93,112,305,1991,1,33,United States Grand Prix,1991-03-10,http://en.wikipedia.org/wiki/1991_United_States_Grand_Prix
1991,Brazil,26,2,7.69,113,306,1991,2,18,Brazilian Grand Prix,1991-03-24,http://en.wikipedia.org/wiki/1991_Brazilian_Grand_Prix
1991,San Marino,40,15,37.5,114,307,1991,3,21,San Marino Grand Prix,1991-04-28,http://en.wikipedia.org/wiki/1991_San_Marino_Grand_Prix
1991,Monaco,9,1,11.11,115,308,1991,4,6,Monaco Grand Prix,1991-05-12,http://en.wikipedia.org/wiki/1991_Monaco_Grand_Prix
1991,Canada,33,7,21.21,116,309,1991,5,7,Canadian Grand Prix,1991-06-02,http://en.wikipedia.org/wiki/1991_Canadian_Grand_Prix
1991,Mexico,54,5,9.26,117,310,1991,6,32,Mexican Grand Prix,1991-06-16,http://en.wikipedia.org/wiki/1991_Mexican_Grand_Prix
1991,France,41,8,19.51,118,311,1991,7,8,French Grand Prix,1991-07-07,http://en.wikipedia.org/wiki/1991_French_Grand_Prix
1991,Great Britain,43,8,18.6,119,312,1991,8,9,British Grand Prix,1991-07-14,http://en.wikipedia.org/wiki/1991_British_Grand_Prix
1991,Germany,29,6,20.69,120,313,1991,9,10,German Grand Prix,1991-07-28,http://en.wikipedia.org/wiki/1991_German_Grand_Prix
1991,Hungary,33,2,6.06,121,314,1991,10,11,Hungarian Grand Prix,1991-08-11,http://en.wikipedia.org/wiki/1991_Hungarian_Grand_Prix
1991,Belgium,35,9,25.71,122,315,1991,11,13,Belgian Grand Prix,1991-08-25,http://en.wikipedia.org/wiki/1991_Belgian_Grand_Prix
1991,Italy,29,8,27.59,123,316,1991,12,14,Italian Grand Prix,1991-09-08,http://en.wikipedia.org/wiki/1991_Italian_Grand_Prix
1991,Portugal,25,6,24.0,124,317,1991,13,27,Portuguese Grand Prix,1991-09-22,http://en.wikipedia.org/wiki/1991_Portuguese_Grand_Prix
1991,Spain,65,7,10.77,125,318,1991,14,4,Spanish Grand Prix,1991-09-29,http://en.wikipedia.org/wiki/1991_Spanish_Grand_Prix
1991,Japan,6,1,16.67,126,319,1991,15,22,Japanese Grand Prix,1991-10-20,http://en.wikipedia.org/wiki/1991_Japanese_Grand_Prix
1991,Australia,23,0,0.0,127,320,1991,16,29,Australian Grand Prix,1991-11-03,http://en.wikipedia.org/wiki/1991_Australian_Grand_Prix
1992,South Africa,22,0,0.0,128,289,1992,1,30,South African Grand Prix,1992-03-01,http://en.wikipedia.org/wiki/1992_South_African_Grand_Prix
1992,Mexico,43,4,9.3,129,290,1992,2,32,Mexican Grand Prix,1992-03-22,http://en.wikipedia.org/wiki/1992_Mexican_Grand_Prix
1992,Brazil,20,5,25.0,130,291,1992,3,18,Brazilian Grand Prix,1992-04-05,http://en.wikipedia.org/wiki/1992_Brazilian_Grand_Prix
1992,Spain,41,8,19.51,131,292,1992,4,4,Spanish Grand Prix,1992-05-03,http://en.wikipedia.org/wiki/1992_Spanish_Grand_Prix
1992,San Marino,22,1,4.55,132,293,1992,5,21,San Marino Grand Prix,1992-05-17,http://en.wikipedia.org/wiki/1992_San_Marino_Grand_Prix
1992,Monaco,7,1,14.29,133,294,1992,6,6,Monaco Grand Prix,1992-05-31,http://en.wikipedia.org/wiki/1992_Monaco_Grand_Prix
1992,Canada,17,1,5.88,134,295,1992,7,7,Canadian Grand Prix,1992-06-14,http://en.wikipedia.org/wiki/1992_Canadian_Grand_Prix
1992,France,4,1,25.0,135,296,1992,8,8,French Grand Prix,1992-07-05,http://en.wikipedia.org/wiki/1992_French_Grand_Prix
1992,Great Britain,29,2,6.9,136,297,1992,9,9,British Grand Prix,1992-07-12,http://en.wikipedia.org/wiki/1992_British_Grand_Prix
1992,Germany,20,2,10.0,137,298,1992,10,10,German Grand Prix,1992-07-26,http://en.wikipedia.org/wiki/1992_German_Grand_Prix
1992,Hungary,27,9,33.33,138,299,1992,11,11,Hungarian Grand Prix,1992-08-16,http://en.wikipedia.org/wiki/1992_Hungarian_Grand_Prix
1992,Belgium,63,22,34.92,139,300,1992,12,13,Belgian Grand Prix,1992-08-30,http://en.wikipedia.org/wiki/1992_Belgian_Grand_Prix
1992,Italy,43,10,23.26,140,301,1992,13,14,Italian Grand Prix,1992-09-13,http://en.wikipedia.org/wiki/1992_Italian_Grand_Prix
1992,Portugal,31,1,3.23,141,302,1992,14,27,Portuguese Grand Prix,1992-09-27,http://en.wikipedia.org/wiki/1992_Portuguese_Grand_Prix
1992,Japan,18,2,11.11,142,303,1992,15,22,Japanese Grand Prix,1992-10-25,http://en.wikipedia.org/wiki/1992_Japanese_Grand_Prix
1992,Australia,19,4,21.05,143,304,1992,16,29,Australian Grand Prix,1992-11-08,http://en.wikipedia.org/wiki/1992_Australian_Grand_Prix
1993,South Africa,10,4,40.0,144,273,1993,1,30,South African Grand Prix,1993-03-14,http://en.wikipedia.org/wiki/1993_South_African_Grand_Prix
1993,Brazil,28,8,28.57,145,274,1993,2,18,Brazilian Grand Prix,1993-03-28,http://en.wikipedia.org/wiki/1993_Brazilian_Grand_Prix
1993,Europe,31,2,6.45,146,275,1993,3,31,European Grand Prix,1993-04-11,http://en.wikipedia.org/wiki/1993_European_Grand_Prix
1993,San Marino,22,8,36.36,147,276,1993,4,21,San Marino Grand Prix,1993-04-25,http://en.wikipedia.org/wiki/1993_San_Marino_Grand_Prix
1993,Spain,18,3,16.67,148,277,1993,5,4,Spanish Grand Prix,1993-05-09,http://en.wikipedia.org/wiki/1993_Spanish_Grand_Prix
1993,Monaco,31,5,16.13,149,278,1993,6,6,Monaco Grand Prix,1993-05-23,http://en.wikipedia.org/wiki/1993_Monaco_Grand_Prix
1993,Canada,11,7,63.64,150,279,1993,7,7,Canadian Grand Prix,1993-06-13,http://en.wikipedia.org/wiki/1993_Canadian_Grand_Prix
1993,France,24,2,8.33,151,280,1993,8,8,French Grand Prix,1993-07-04,http://en.wikipedia.org/wiki/1993_French_Grand_Prix
1993,Great Britain,26,4,15.38,152,281,1993,9,9,British Grand Prix,1993-07-11,http://en.wikipedia.org/wiki/1993_British_Grand_Prix
1993,Germany,51,16,31.37,153,282,1993,10,10,German Grand Prix,1993-07-25,http://en.wikipedia.org/wiki/1993_German_Grand_Prix
1993,Hungary,39,7,17.95,154,283,1993,11,11,Hungarian Grand Prix,1993-08-15,http://en.wikipedia.org/wiki/1993_Hungarian_Grand_Prix
1993,Belgium,42,9,21.43,155,284,1993,12,13,Belgian Grand Prix,1993-08-29,http://en.wikipedia.org/wiki/1993_Belgian_Grand_Prix
1993,Italy,30,7,23.33,156,285,1993,13,14,Italian Grand Prix,1993-09-12,http://en.wikipedia.org/wiki/1993_Italian_Grand_Prix
1993,Portugal,29,0,0.0,157,286,1993,14,27,Portuguese Grand Prix,1993-09-26,http://en.wikipedia.org/wiki/1993_Portuguese_Grand_Prix
1993,Japan,28,8,28.57,158,287,1993,15,22,Japanese Grand Prix,1993-10-24,http://en.wikipedia.org/wiki/1993_Japanese_Grand_Prix
1993,Australia,14,2,14.29,159,288,1993,16,29,Australian Grand Prix,1993-11-07,http://en.wikipedia.org/wiki/1993_Australian_Grand_Prix
1994,Brazil,20,3,15.0,160,257,1994,1,18,Brazilian Grand Prix,1994-03-27,http://en.wikipedia.org/wiki/1994_Brazilian_Grand_Prix
1994,Pacific,16,7,43.75,161,258,1994,2,28,Pacific Grand Prix,1994-04-17,http://en.wikipedia.org/wiki/1994_Pacific_Grand_Prix
1994,San Marino,0,0,0.0,162,259,1994,3,21,San Marino Grand Prix,1994-05-01,http://en.wikipedia.org/wiki/1994_San_Marino_Grand_Prix
1994,Monaco,9,1,11.11,163,260,1994,4,6,Monaco Grand Prix,1994-05-15,http://en.wikipedia.org/wiki/1994_Monaco_Grand_Prix
1994,Spain,14,0,0.0,164,261,1994,5,4,Spanish Grand Prix,1994-05-29,http://en.wikipedia.org/wiki/1994_Spanish_Grand_Prix
1994,Canada,28,4,14.29,165,262,1994,6,7,Canadian Grand Prix,1994-06-12,http://en.wikipedia.org/wiki/1994_Canadian_Grand_Prix
1994,France,15,2,13.33,166,263,1994,7,8,French Grand Prix,1994-07-03,http://en.wikipedia.org/wiki/1994_French_Grand_Prix
1994,Great Britain,36,3,8.33,167,264,1994,8,9,British Grand Prix,1994-07-10,http://en.wikipedia.org/wiki/1994_British_Grand_Prix
1994,Germany,12,2,16.67,168,265,1994,9,10,German Grand Prix,1994-07-31,http://en.wikipedia.org/wiki/1994_German_Grand_Prix
1994,Hungary,5,1,20.0,169,266,1994,10,11,Hungarian Grand Prix,1994-08-14,http://en.wikipedia.org/wiki/1994_Hungarian_Grand_Prix
1994,Belgium,36,5,13.89,170,267,1994,11,13,Belgian Grand Prix,1994-08-28,http://en.wikipedia.org/wiki/1994_Belgian_Grand_Prix
1994,Italy,31,3,9.68,171,268,1994,12,14,Italian Grand Prix,1994-09-11,http://en.wikipedia.org/wiki/1994_Italian_Grand_Prix
1994,Portugal,27,3,11.11,172,269,1994,13,27,Portuguese Grand Prix,1994-09-25,http://en.wikipedia.org/wiki/1994_Portuguese_Grand_Prix
1994,Europe,15,2,13.33,173,270,1994,14,26,European Grand Prix,1994-10-16,http://en.wikipedia.org/wiki/1994_European_Grand_Prix
1994,Japan,3,0,0.0,174,271,1994,15,22,Japanese Grand Prix,1994-11-06,http://en.wikipedia.org/wiki/1994_Japanese_Grand_Prix
1994,Australia,20,8,40.0,175,272,1994,16,29,Australian Grand Prix,1994-11-13,http://en.wikipedia.org/wiki/1994_Australian_Grand_Prix
1995,Brazil,22,5,22.73,176,240,1995,1,18,Brazilian Grand Prix,1995-03-26,http://en.wikipedia.org/wiki/1995_Brazilian_Grand_Prix
1995,Argentina,27,4,14.81,177,241,1995,2,25,Argentine Grand Prix,1995-04-09,http://en.wikipedia.org/wiki/1995_Argentine_Grand_Prix
1995,San Marino,44,0,0.0,178,242,1995,3,21,San Marino Grand Prix,1995-04-30,http://en.wikipedia.org/wiki/1995_San_Marino_Grand_Prix
1995,Spain,19,2,10.53,179,243,1995,4,4,Spanish Grand Prix,1995-05-14,http://en.wikipedia.org/wiki/1995_Spanish_Grand_Prix
1995,Monaco,9,0,0.0,180,244,1995,5,6,Monaco Grand Prix,1995-05-28,http://en.wikipedia.org/wiki/1995_Monaco_Grand_Prix
1995,Canada,9,3,33.33,181,245,1995,6,7,Canadian Grand Prix,1995-06-11,http://en.wikipedia.org/wiki/1995_Canadian_Grand_Prix
1995,France,9,1,11.11,182,246,1995,7,8,French Grand Prix,1995-07-02,http://en.wikipedia.org/wiki/1995_French_Grand_Prix
1995,Great Britain,18,1,5.56,183,247,1995,8,9,British Grand Prix,1995-07-16,http://en.wikipedia.org/wiki/1995_British_Grand_Prix
1995,Germany,22,7,31.82,184,248,1995,9,10,German Grand Prix,1995-07-30,http://en.wikipedia.org/wiki/1995_German_Grand_Prix
1995,Hungary,5,1,20.0,185,249,1995,10,11,Hungarian Grand Prix,1995-08-13,http://en.wikipedia.org/wiki/1995_Hungarian_Grand_Prix
1995,Belgium,26,10,38.46,186,250,1995,11,13,Belgian Grand Prix,1995-08-27,http://en.wikipedia.org/wiki/1995_Belgian_Grand_Prix
1995,Italy,22,4,18.18,187,251,1995,12,14,Italian Grand Prix,1995-09-10,http://en.wikipedia.org/wiki/1995_Italian_Grand_Prix
1995,Portugal,16,3,18.75,188,252,1995,13,27,Portuguese Grand Prix,1995-09-24,http://en.wikipedia.org/wiki/1995_Portuguese_Grand_Prix
1995,Europe,47,6,12.77,189,253,1995,14,20,European Grand Prix,1995-10-01,http://en.wikipedia.org/wiki/1995_European_Grand_Prix
1995,Pacific,15,7,46.67,190,254,1995,15,28,Pacific Grand Prix,1995-10-22,http://en.wikipedia.org/wiki/1995_Pacific_Grand_Prix
1995,Japan,31,4,12.9,191,255,1995,16,22,Japanese Grand Prix,1995-10-29,http://en.wikipedia.org/wiki/1995_Japanese_Grand_Prix
1995,Australia,4,1,25.0,192,256,1995,17,29,Australian Grand Prix,1995-11-12,http://en.wikipedia.org/wiki/1995_Australian_Grand_Prix
1996,Australia,9,3,33.33,193,224,1996,1,1,Australian Grand Prix,1996-03-10,http://en.wikipedia.org/wiki/1996_Australian_Grand_Prix
1996,Brazil,39,9,23.08,194,225,1996,2,18,Brazilian Grand Prix,1996-03-31,http://en.wikipedia.org/wiki/1996_Brazilian_Grand_Prix
1996,Argentina,23,5,21.74,195,226,1996,3,25,Argentine Grand Prix,1996-04-07,http://en.wikipedia.org/wiki/1996_Argentine_Grand_Prix
1996,Europe,23,6,26.09,196,227,1996,4,20,European Grand Prix,1996-04-28,http://en.wikipedia.org/wiki/1996_European_Grand_Prix
1996,San Marino,5,2,40.0,197,228,1996,5,21,San Marino Grand Prix,1996-05-05,http://en.wikipedia.org/wiki/1996_San_Marino_Grand_Prix
1996,Monaco,6,2,33.33,198,229,1996,6,6,Monaco Grand Prix,1996-05-19,http://en.wikipedia.org/wiki/1996_Monaco_Grand_Prix
1996,Spain,6,3,50.0,199,230,1996,7,4,Spanish Grand Prix,1996-06-02,http://en.wikipedia.org/wiki/1996_Spanish_Grand_Prix
1996,Canada,15,4,26.67,200,231,1996,8,7,Canadian Grand Prix,1996-06-16,http://en.wikipedia.org/wiki/1996_Canadian_Grand_Prix
1996,France,9,4,44.44,201,232,1996,9,8,French Grand Prix,1996-06-30,http://en.wikipedia.org/wiki/1996_French_Grand_Prix
1996,Great Britain,10,0,0.0,202,233,1996,10,9,British Grand Prix,1996-07-14,http://en.wikipedia.org/wiki/1996_British_Grand_Prix
1996,Germany,11,1,9.09,203,234,1996,11,10,German Grand Prix,1996-07-28,http://en.wikipedia.org/wiki/1996_German_Grand_Prix
1996,Hungary,4,1,25.0,204,235,1996,12,11,Hungarian Grand Prix,1996-08-11,http://en.wikipedia.org/wiki/1996_Hungarian_Grand_Prix
1996,Belgium,21,7,33.33,205,236,1996,13,13,Belgian Grand Prix,1996-08-25,http://en.wikipedia.org/wiki/1996_Belgian_Grand_Prix
1996,Italy,12,0,0.0,206,237,1996,14,14,Italian Grand Prix,1996-09-08,http://en.wikipedia.org/wiki/1996_Italian_Grand_Prix
1996,Portugal,4,3,75.0,207,238,1996,15,27,Portuguese Grand Prix,1996-09-22,http://en.wikipedia.org/wiki/1996_Portuguese_Grand_Prix
1996,Japan,15,3,20.0,208,239,1996,16,22,Japanese Grand Prix,1996-10-13,http://en.wikipedia.org/wiki/1996_Japanese_Grand_Prix
1997,Australia,4,0,0.0,209,207,1997,1,1,Australian Grand Prix,1997-03-09,http://en.wikipedia.org/wiki/1997_Australian_Grand_Prix
1997,Brazil,33,5,15.15,210,208,1997,2,18,Brazilian Grand Prix,1997-03-30,http://en.wikipedia.org/wiki/1997_Brazilian_Grand_Prix
1997,Argentina,36,3,8.33,211,209,1997,3,25,Argentine Grand Prix,1997-04-13,http://en.wikipedia.org/wiki/1997_Argentine_Grand_Prix
1997,San Marino,5,3,60.0,212,210,1997,4,21,San Marino Grand Prix,1997-04-27,http://en.wikipedia.org/wiki/1997_San_Marino_Grand_Prix
1997,Monaco,31,14,45.16,213,211,1997,5,6,Monaco Grand Prix,1997-05-11,http://en.wikipedia.org/wiki/1997_Monaco_Grand_Prix
1997,Spain,25,3,12.0,214,212,1997,6,4,Spanish Grand Prix,1997-05-25,http://en.wikipedia.org/wiki/1997_Spanish_Grand_Prix
1997,Canada,23,9,39.13,215,213,1997,7,7,Canadian Grand Prix,1997-06-15,http://en.wikipedia.org/wiki/1997_Canadian_Grand_Prix
1997,France,8,3,37.5,216,214,1997,8,8,French Grand Prix,1997-06-29,http://en.wikipedia.org/wiki/1997_French_Grand_Prix
1997,Great Britain,14,3,21.43,217,215,1997,9,9,British Grand Prix,1997-07-13,http://en.wikipedia.org/wiki/1997_British_Grand_Prix
1997,Germany,16,4,25.0,218,216,1997,10,10,German Grand Prix,1997-07-27,http://en.wikipedia.org/wiki/1997_German_Grand_Prix
1997,Hungary,26,10,38.46,219,217,1997,11,11,Hungarian Grand Prix,1997-08-10,http://en.wikipedia.org/wiki/1997_Hungarian_Grand_Prix
1997,Belgium,58,14,24.14,220,218,1997,12,13,Belgian Grand Prix,1997-08-24,http://en.wikipedia.org/wiki/1997_Belgian_Grand_Prix
1997,Italy,5,2,40.0,221,219,1997,13,14,Italian Grand Prix,1997-09-07,http://en.wikipedia.org/wiki/1997_Italian_Grand_Prix
1997,Austria,18,9,50.0,222,220,1997,14,70,Austrian Grand Prix,1997-09-21,http://en.wikipedia.org/wiki/1997_Austrian_Grand_Prix
1997,Luxembourg,10,3,30.0,223,221,1997,15,20,Luxembourg Grand Prix,1997-09-28,http://en.wikipedia.org/wiki/1997_Luxembourg_Grand_Prix
1997,Japan,11,6,54.55,224,222,1997,16,22,Japanese Grand Prix,1997-10-12,http://en.wikipedia.org/wiki/1997_Japanese_Grand_Prix
1997,Europe,11,4,36.36,225,223,1997,17,26,European Grand Prix,1997-10-26,http://en.wikipedia.org/wiki/1997_European_Grand_Prix
1998,Australia,5,1,20.0,226,191,1998,1,1,Australian Grand Prix,1998-03-08,http://en.wikipedia.org/wiki/1998_Australian_Grand_Prix
1998,Brazil,15,9,60.0,227,192,1998,2,18,Brazilian Grand Prix,1998-03-29,http://en.wikipedia.org/wiki/1998_Brazilian_Grand_Prix
1998,Argentina,14,5,35.71,228,193,1998,3,25,Argentine Grand Prix,1998-04-12,http://en.wikipedia.org/wiki/1998_Argentine_Grand_Prix
1998,San Marino,7,3,42.86,229,194,1998,4,21,San Marino Grand Prix,1998-04-26,http://en.wikipedia.org/wiki/1998_San_Marino_Grand_Prix
1998,Spain,11,2,18.18,230,195,1998,5,4,Spanish Grand Prix,1998-05-10,http://en.wikipedia.org/wiki/1998_Spanish_Grand_Prix
1998,Monaco,2,1,50.0,231,196,1998,6,6,Monaco Grand Prix,1998-05-24,http://en.wikipedia.org/wiki/1998_Monaco_Grand_Prix
1998,Canada,10,4,40.0,232,197,1998,7,7,Canadian Grand Prix,1998-06-07,http://en.wikipedia.org/wiki/1998_Canadian_Grand_Prix
1998,France,17,0,0.0,233,198,1998,8,8,French Grand Prix,1998-06-28,http://en.wikipedia.org/wiki/1998_French_Grand_Prix
1998,Great Britain,34,7,20.59,234,199,1998,9,9,British Grand Prix,1998-07-12,http://en.wikipedia.org/wiki/1998_British_Grand_Prix
1998,Austria,26,9,34.62,235,200,1998,10,70,Austrian Grand Prix,1998-07-26,http://en.wikipedia.org/wiki/1998_Austrian_Grand_Prix
1998,Germany,12,3,25.0,236,201,1998,11,10,German Grand Prix,1998-08-02,http://en.wikipedia.org/wiki/1998_German_Grand_Prix
1998,Hungary,10,3,30.0,237,202,1998,12,11,Hungarian Grand Prix,1998-08-16,http://en.wikipedia.org/wiki/1998_Hungarian_Grand_Prix
1998,Belgium,9,2,22.22,238,203,1998,13,13,Belgian Grand Prix,1998-08-30,http://en.wikipedia.org/wiki/1998_Belgian_Grand_Prix
1998,Italy,21,3,14.29,239,204,1998,14,14,Italian Grand Prix,1998-09-13,http://en.wikipedia.org/wiki/1998_Italian_Grand_Prix
1998,Luxembourg,6,2,33.33,240,205,1998,15,20,Luxembourg Grand Prix,1998-09-27,http://en.wikipedia.org/wiki/1998_Luxembourg_Grand_Prix
1998,Japan,18,3,16.67,241,206,1998,16,22,Japanese Grand Prix,1998-11-01,http://en.wikipedia.org/wiki/1998_Japanese_Grand_Prix
1999,Australia,46,7,15.22,242,175,1999,1,1,Australian Grand Prix,1999-03-07,http://en.wikipedia.org/wiki/1999_Australian_Grand_Prix
1999,Brazil,34,4,11.76,243,176,1999,2,18,Brazilian Grand Prix,1999-04-11,http://en.wikipedia.org/wiki/1999_Brazilian_Grand_Prix
1999,San Marino,7,4,57.14,244,177,1999,3,21,San Marino Grand Prix,1999-05-02,http://en.wikipedia.org/wiki/1999_San_Marino_Grand_Prix
1999,Monaco,5,2,40.0,245,178,1999,4,6,Monaco Grand Prix,1999-05-16,http://en.wikipedia.org/wiki/1999_Monaco_Grand_Prix
1999,Spain,5,1,20.0,246,179,1999,5,4,Spanish Grand Prix,1999-05-30,http://en.wikipedia.org/wiki/1999_Spanish_Grand_Prix
1999,Canada,15,7,46.67,247,180,1999,6,7,Canadian Grand Prix,1999-06-13,http://en.wikipedia.org/wiki/1999_Canadian_Grand_Prix
1999,France,42,17,40.48,248,181,1999,7,8,French Grand Prix,1999-06-27,http://en.wikipedia.org/wiki/1999_French_Grand_Prix
1999,Great Britain,13,4,30.77,249,182,1999,8,9,British Grand Prix,1999-07-11,http://en.wikipedia.org/wiki/1999_British_Grand_Prix
1999,Austria,30,15,50.0,250,183,1999,9,70,Austrian Grand Prix,1999-07-25,http://en.wikipedia.org/wiki/1999_Austrian_Grand_Prix
1999,Germany,18,12,66.67,251,184,1999,10,10,German Grand Prix,1999-08-01,http://en.wikipedia.org/wiki/1999_German_Grand_Prix
1999,Hungary,4,0,0.0,252,185,1999,11,11,Hungarian Grand Prix,1999-08-15,http://en.wikipedia.org/wiki/1999_Hungarian_Grand_Prix
1999,Belgium,18,8,44.44,253,186,1999,12,13,Belgian Grand Prix,1999-08-29,http://en.wikipedia.org/wiki/1999_Belgian_Grand_Prix
1999,Italy,17,12,70.59,254,187,1999,13,14,Italian Grand Prix,1999-09-12,http://en.wikipedia.org/wiki/1999_Italian_Grand_Prix
1999,Europe,29,8,27.59,255,188,1999,14,20,European Grand Prix,1999-09-26,http://en.wikipedia.org/wiki/1999_European_Grand_Prix
1999,Malaysia,11,2,18.18,256,189,1999,15,2,Malaysian Grand Prix,1999-10-17,http://en.wikipedia.org/wiki/1999_Malaysian_Grand_Prix
1999,Japan,4,1,25.0,257,190,1999,16,22,Japanese Grand Prix,1999-10-31,http://en.wikipedia.org/wiki/1999_Japanese_Grand_Prix
2000,Australia,11,1,9.09,258,158,2000,1,1,Australian Grand Prix,2000-03-12,http://en.wikipedia.org/wiki/2000_Australian_Grand_Prix
2000,Brazil,22,9,40.91,259,159,2000,2,18,Brazilian Grand Prix,2000-03-26,http://en.wikipedia.org/wiki/2000_Brazilian_Grand_Prix
2000,San Marino,1,1,100.0,260,160,2000,3,21,San Marino Grand Prix,2000-04-09,http://en.wikipedia.org/wiki/2000_San_Marino_Grand_Prix
2000,Great Britain,10,3,30.0,261,161,2000,4,9,British Grand Prix,2000-04-23,http://en.wikipedia.org/wiki/2000_British_Grand_Prix
2000,Spain,8,4,50.0,262,162,2000,5,4,Spanish Grand Prix,2000-05-07,http://en.wikipedia.org/wiki/2000_Spanish_Grand_Prix
2000,Europe,37,17,45.95,263,163,2000,6,20,European Grand Prix,2000-05-21,http://en.wikipedia.org/wiki/2000_European_Grand_Prix
2000,Monaco,1,1,100.0,264,164,2000,7,6,Monaco Grand Prix,2000-06-04,http://en.wikipedia.org/wiki/2000_Monaco_Grand_Prix
2000,Canada,19,9,47.37,265,165,2000,8,7,Canadian Grand Prix,2000-06-18,http://en.wikipedia.org/wiki/2000_Canadian_Grand_Prix
2000,France,19,8,42.11,266,166,2000,9,8,French Grand Prix,2000-07-02,http://en.wikipedia.org/wiki/2000_French_Grand_Prix
2000,Austria,28,7,25.0,267,167,2000,10,70,Austrian Grand Prix,2000-07-16,http://en.wikipedia.org/wiki/2000_Austrian_Grand_Prix
2000,Germany,49,18,36.73,268,168,2000,11,10,German Grand Prix,2000-07-30,http://en.wikipedia.org/wiki/2000_German_Grand_Prix
2000,Hungary,11,6,54.55,269,169,2000,12,11,Hungarian Grand Prix,2000-08-13,http://en.wikipedia.org/wiki/2000_Hungarian_Grand_Prix
2000,Belgium,28,12,42.86,270,170,2000,13,13,Belgian Grand Prix,2000-08-27,http://en.wikipedia.org/wiki/2000_Belgian_Grand_Prix
2000,Italy,20,8,40.0,271,171,2000,14,14,Italian Grand Prix,2000-09-10,http://en.wikipedia.org/wiki/2000_Italian_Grand_Prix
2000,USA,48,8,16.67,272,172,2000,15,19,United States Grand Prix,2000-09-24,http://en.wikipedia.org/wiki/2000_United_States_Grand_Prix
2000,Japan,8,1,12.5,273,173,2000,16,22,Japanese Grand Prix,2000-10-08,http://en.wikipedia.org/wiki/2000_Japanese_Grand_Prix
2000,Malaysia,30,5,16.67,274,174,2000,17,2,Malaysian Grand Prix,2000-10-22,http://en.wikipedia.org/wiki/2000_Malaysian_Grand_Prix
2001,Australia,20,4,20.0,275,141,2001,1,1,Australian Grand Prix,2001-03-04,http://en.wikipedia.org/wiki/2001_Australian_Grand_Prix
2001,Malaysia,56,21,37.5,276,142,2001,2,2,Malaysian Grand Prix,2001-03-18,http://en.wikipedia.org/wiki/2001_Malaysian_Grand_Prix
2001,Brazil,31,13,41.94,277,143,2001,3,18,Brazilian Grand Prix,2001-04-01,http://en.wikipedia.org/wiki/2001_Brazilian_Grand_Prix
2001,San Marino,8,4,50.0,278,144,2001,4,21,San Marino Grand Prix,2001-04-15,http://en.wikipedia.org/wiki/2001_San_Marino_Grand_Prix
2001,Spain,10,1,10.0,279,145,2001,5,4,Spanish Grand Prix,2001-04-29,http://en.wikipedia.org/wiki/2001_Spanish_Grand_Prix
2001,Austria,18,7,38.89,280,146,2001,6,70,Austrian Grand Prix,2001-05-13,http://en.wikipedia.org/wiki/2001_Austrian_Grand_Prix
2001,Monaco,7,0,0.0,281,147,2001,7,6,Monaco Grand Prix,2001-05-27,http://en.wikipedia.org/wiki/2001_Monaco_Grand_Prix
2001,Canada,12,4,33.33,282,148,2001,8,7,Canadian Grand Prix,2001-06-10,http://en.wikipedia.org/wiki/2001_Canadian_Grand_Prix
2001,Europe,7,1,14.29,283,149,2001,9,20,European Grand Prix,2001-06-24,http://en.wikipedia.org/wiki/2001_European_Grand_Prix
2001,France,8,2,25.0,284,150,2001,10,8,French Grand Prix,2001-07-01,http://en.wikipedia.org/wiki/2001_French_Grand_Prix
2001,Great Britain,8,5,62.5,285,151,2001,11,9,British Grand Prix,2001-07-15,http://en.wikipedia.org/wiki/2001_British_Grand_Prix
2001,Germany,14,3,21.43,286,152,2001,12,10,German Grand Prix,2001-07-29,http://en.wikipedia.org/wiki/2001_German_Grand_Prix
2001,Hungary,3,1,33.33,287,153,2001,13,11,Hungarian Grand Prix,2001-08-19,http://en.wikipedia.org/wiki/2001_Hungarian_Grand_Prix
2001,Belgium,12,7,58.33,288,154,2001,14,13,Belgian Grand Prix,2001-09-02,http://en.wikipedia.org/wiki/2001_Belgian_Grand_Prix
2001,Italy,28,8,28.57,289,155,2001,15,14,Italian Grand Prix,2001-09-16,http://en.wikipedia.org/wiki/2001_Italian_Grand_Prix
2001,USA,17,5,29.41,290,156,2001,16,19,United States Grand Prix,2001-09-30,http://en.wikipedia.org/wiki/2001_United_States_Grand_Prix
2001,Japan,18,3,16.67,291,157,2001,17,22,Japanese Grand Prix,2001-10-14,http://en.wikipedia.org/wiki/2001_Japanese_Grand_Prix
2002,Australia,16,3,18.75,292,124,2002,1,1,Australian Grand Prix,2002-03-03,http://en.wikipedia.org/wiki/2002_Australian_Grand_Prix
2002,Malaysia,27,7,25.93,293,125,2002,2,2,Malaysian Grand Prix,2002-03-17,http://en.wikipedia.org/wiki/2002_Malaysian_Grand_Prix
2002,Brazil,31,11,35.48,294,126,2002,3,18,Brazilian Grand Prix,2002-03-31,http://en.wikipedia.org/wiki/2002_Brazilian_Grand_Prix
2002,San Marino,6,3,50.0,295,127,2002,4,21,San Marino Grand Prix,2002-04-14,http://en.wikipedia.org/wiki/2002_San_Marino_Grand_Prix
2002,Spain,3,2,66.67,296,128,2002,5,4,Spanish Grand Prix,2002-04-28,http://en.wikipedia.org/wiki/2002_Spanish_Grand_Prix
2002,Austria,20,4,20.0,297,129,2002,6,70,Austrian Grand Prix,2002-05-12,http://en.wikipedia.org/wiki/2002_Austrian_Grand_Prix
2002,Monaco,10,4,40.0,298,130,2002,7,6,Monaco Grand Prix,2002-05-26,http://en.wikipedia.org/wiki/2002_Monaco_Grand_Prix
2002,Canada,17,5,29.41,299,131,2002,8,7,Canadian Grand Prix,2002-06-09,http://en.wikipedia.org/wiki/2002_Canadian_Grand_Prix
2002,Europe,25,4,16.0,300,132,2002,9,20,European Grand Prix,2002-06-23,http://en.wikipedia.org/wiki/2002_European_Grand_Prix
2002,Great Britain,48,10,20.83,301,133,2002,10,9,British Grand Prix,2002-07-07,http://en.wikipedia.org/wiki/2002_British_Grand_Prix
2002,France,2,0,0.0,302,134,2002,11,8,French Grand Prix,2002-07-21,http://en.wikipedia.org/wiki/2002_French_Grand_Prix
2002,Germany,24,7,29.17,303,135,2002,12,10,German Grand Prix,2002-07-28,http://en.wikipedia.org/wiki/2002_German_Grand_Prix
2002,Hungary,3,1,33.33,304,136,2002,13,11,Hungarian Grand Prix,2002-08-18,http://en.wikipedia.org/wiki/2002_Hungarian_Grand_Prix
2002,Belgium,6,5,83.33,305,137,2002,14,13,Belgian Grand Prix,2002-09-01,http://en.wikipedia.org/wiki/2002_Belgian_Grand_Prix
2002,Italy,16,5,31.25,306,138,2002,15,14,Italian Grand Prix,2002-09-15,http://en.wikipedia.org/wiki/2002_Italian_Grand_Prix
2002,USA,19,7,36.84,307,139,2002,16,19,United States Grand Prix,2002-09-29,http://en.wikipedia.org/wiki/2002_United_States_Grand_Prix
2002,Japan,1,0,0.0,308,140,2002,17,22,Japanese Grand Prix,2002-10-13,http://en.wikipedia.org/wiki/2002_Japanese_Grand_Prix
2003,Australia,49,14,28.57,309,108,2003,1,1,Australian Grand Prix,2003-03-09,http://en.wikipedia.org/wiki/2003_Australian_Grand_Prix
2003,Malaysia,21,9,42.86,310,109,2003,2,2,Malaysian Grand Prix,2003-03-23,http://en.wikipedia.org/wiki/2003_Malaysian_Grand_Prix
2003,Brazil,52,22,42.31,311,110,2003,3,18,Brazilian Grand Prix,2003-04-06,http://en.wikipedia.org/wiki/2003_Brazilian_Grand_Prix
2003,San Marino,3,1,33.33,312,111,2003,4,21,San Marino Grand Prix,2003-04-20,http://en.wikipedia.org/wiki/2003_San_Marino_Grand_Prix
2003,Spain,22,9,40.91,313,112,2003,5,4,Spanish Grand Prix,2003-05-04,http://en.wikipedia.org/wiki/2003_Spanish_Grand_Prix
2003,Austria,14,5,35.71,314,113,2003,6,70,Austrian Grand Prix,2003-05-18,http://en.wikipedia.org/wiki/2003_Austrian_Grand_Prix
2003,Monaco,0,0,0.0,315,114,2003,7,6,Monaco Grand Prix,2003-06-01,http://en.wikipedia.org/wiki/2003_Monaco_Grand_Prix
2003,Canada,9,3,33.33,316,115,2003,8,7,Canadian Grand Prix,2003-06-15,http://en.wikipedia.org/wiki/2003_Canadian_Grand_Prix
2003,Europe,9,4,44.44,317,116,2003,9,20,European Grand Prix,2003-06-29,http://en.wikipedia.org/wiki/2003_European_Grand_Prix
2003,France,10,3,30.0,318,117,2003,10,8,French Grand Prix,2003-07-06,http://en.wikipedia.org/wiki/2003_French_Grand_Prix
2003,Great Britain,51,29,56.86,319,118,2003,11,9,British Grand Prix,2003-07-20,http://en.wikipedia.org/wiki/2003_British_Grand_Prix
2003,Germany,11,8,72.73,320,119,2003,12,10,German Grand Prix,2003-08-03,http://en.wikipedia.org/wiki/2003_German_Grand_Prix
2003,Hungary,28,13,46.43,321,120,2003,13,11,Hungarian Grand Prix,2003-08-24,http://en.wikipedia.org/wiki/2003_Hungarian_Grand_Prix
2003,Italy,5,1,20.0,322,121,2003,14,14,Italian Grand Prix,2003-09-14,http://en.wikipedia.org/wiki/2003_Italian_Grand_Prix
2003,USA,54,21,38.89,323,122,2003,15,19,United States Grand Prix,2003-09-28,http://en.wikipedia.org/wiki/2003_United_States_Grand_Prix
2003,Japan,19,4,21.05,324,123,2003,16,22,Japanese Grand Prix,2003-10-12,http://en.wikipedia.org/wiki/2003_Japanese_Grand_Prix
2004,Australia,10,5,50.0,325,90,2004,1,1,Australian Grand Prix,2004-03-07,http://en.wikipedia.org/wiki/2004_Australian_Grand_Prix
2004,Malaysia,25,9,36.0,326,91,2004,2,2,Malaysian Grand Prix,2004-03-21,http://en.wikipedia.org/wiki/2004_Malaysian_Grand_Prix
2004,Bahrain,22,16,72.73,327,92,2004,3,3,Bahrain Grand Prix,2004-04-04,http://en.wikipedia.org/wiki/2004_Bahrain_Grand_Prix
2004,San Marino,6,0,0.0,328,93,2004,4,21,San Marino Grand Prix,2004-04-25,http://en.wikipedia.org/wiki/2004_San_Marino_Grand_Prix
2004,Spain,7,4,57.14,329,94,2004,5,4,Spanish Grand Prix,2004-05-09,http://en.wikipedia.org/wiki/2004_Spanish_Grand_Prix
2004,Monaco,5,2,40.0,330,95,2004,6,6,Monaco Grand Prix,2004-05-23,http://en.wikipedia.org/wiki/2004_Monaco_Grand_Prix
2004,Europe,13,6,46.15,331,96,2004,7,20,European Grand Prix,2004-05-30,http://en.wikipedia.org/wiki/2004_European_Grand_Prix
2004,Canada,19,2,10.53,332,97,2004,8,7,Canadian Grand Prix,2004-06-13,http://en.wikipedia.org/wiki/2004_Canadian_Grand_Prix
2004,USA,19,10,52.63,333,98,2004,9,19,United States Grand Prix,2004-06-20,http://en.wikipedia.org/wiki/2004_United_States_Grand_Prix
2004,France,15,3,20.0,334,99,2004,10,8,French Grand Prix,2004-07-04,http://en.wikipedia.org/wiki/2004_French_Grand_Prix
2004,Great Britain,15,10,66.67,335,100,2004,11,9,British Grand Prix,2004-07-11,http://en.wikipedia.org/wiki/2004_British_Grand_Prix
2004,Germany,32,15,46.88,336,101,2004,12,10,German Grand Prix,2004-07-25,http://en.wikipedia.org/wiki/2004_German_Grand_Prix
2004,Hungary,5,2,40.0,337,102,2004,13,11,Hungarian Grand Prix,2004-08-15,http://en.wikipedia.org/wiki/2004_Hungarian_Grand_Prix
2004,Belgium,24,14,58.33,338,103,2004,14,13,Belgian Grand Prix,2004-08-29,http://en.wikipedia.org/wiki/2004_Belgian_Grand_Prix
2004,Italy,48,13,27.08,339,104,2004,15,14,Italian Grand Prix,2004-09-12,http://en.wikipedia.org/wiki/2004_Italian_Grand_Prix
2004,China,22,11,50.0,340,105,2004,16,17,Chinese Grand Prix,2004-09-26,http://en.wikipedia.org/wiki/2004_Chinese_Grand_Prix
2004,Japan,30,11,36.67,341,106,2004,17,22,Japanese Grand Prix,2004-10-10,http://en.wikipedia.org/wiki/2004_Japanese_Grand_Prix
2004,Brazil,58,12,20.69,342,107,2004,18,18,Brazilian Grand Prix,2004-10-24,http://en.wikipedia.org/wiki/2004_Brazilian_Grand_Prix
2005,Australia,7,5,71.43,343,71,2005,1,1,Australian Grand Prix,2005-03-06,http://en.wikipedia.org/wiki/2005_Australian_Grand_Prix
2005,Malaysia,12,11,91.67,344,72,2005,2,2,Malaysian Grand Prix,2005-03-20,http://en.wikipedia.org/wiki/2005_Malaysian_Grand_Prix
2005,Bahrain,13,8,61.54,345,73,2005,3,3,Bahrain Grand Prix,2005-04-03,http://en.wikipedia.org/wiki/2005_Bahrain_Grand_Prix
2005,San Marino,9,5,55.56,346,74,2005,4,21,San Marino Grand Prix,2005-04-24,http://en.wikipedia.org/wiki/2005_San_Marino_Grand_Prix
2005,Spain,4,2,50.0,347,75,2005,5,4,Spanish Grand Prix,2005-05-08,http://en.wikipedia.org/wiki/2005_Spanish_Grand_Prix
2005,Monaco,16,8,50.0,348,76,2005,6,6,Monaco Grand Prix,2005-05-22,http://en.wikipedia.org/wiki/2005_Monaco_Grand_Prix
2005,Europe,25,8,32.0,349,77,2005,7,20,European Grand Prix,2005-05-29,http://en.wikipedia.org/wiki/2005_European_Grand_Prix
2005,Canada,11,2,18.18,350,78,2005,8,7,Canadian Grand Prix,2005-06-12,http://en.wikipedia.org/wiki/2005_Canadian_Grand_Prix
2005,USA,0,0,0.0,351,79,2005,9,19,United States Grand Prix,2005-06-19,http://en.wikipedia.org/wiki/2005_United_States_Grand_Prix
2005,France,5,2,40.0,352,80,2005,10,8,French Grand Prix,2005-07-03,http://en.wikipedia.org/wiki/2005_French_Grand_Prix
2005,Great Britain,8,4,50.0,353,81,2005,11,9,British Grand Prix,2005-07-10,http://en.wikipedia.org/wiki/2005_British_Grand_Prix
2005,Germany,18,7,38.89,354,82,2005,12,10,German Grand Prix,2005-07-24,http://en.wikipedia.org/wiki/2005_German_Grand_Prix
2005,Hungary,10,4,40.0,355,83,2005,13,11,Hungarian Grand Prix,2005-07-31,http://en.wikipedia.org/wiki/2005_Hungarian_Grand_Prix
2005,Turkey,30,7,23.33,356,84,2005,14,5,Turkish Grand Prix,2005-08-21,http://en.wikipedia.org/wiki/2005_Turkish_Grand_Prix
2005,Italy,7,3,42.86,357,85,2005,15,14,Italian Grand Prix,2005-09-04,http://en.wikipedia.org/wiki/2005_Italian_Grand_Prix
2005,Belgium,33,7,21.21,358,86,2005,16,13,Belgian Grand Prix,2005-09-11,http://en.wikipedia.org/wiki/2005_Belgian_Grand_Prix
2005,Brazil,6,4,66.67,359,87,2005,17,18,Brazilian Grand Prix,2005-09-25,http://en.wikipedia.org/wiki/2005_Brazilian_Grand_Prix
2005,Japan,15,9,60.0,360,88,2005,18,22,Japanese Grand Prix,2005-10-09,http://en.wikipedia.org/wiki/2005_Japanese_Grand_Prix
2005,China,17,5,29.41,361,89,2005,19,17,Chinese Grand Prix,2005-10-16,http://en.wikipedia.org/wiki/2005_Chinese_Grand_Prix
2006,Bahrain,46,20,43.48,362,53,2006,1,3,Bahrain Grand Prix,2006-03-12,http://en.wikipedia.org/wiki/2006_Bahrain_Grand_Prix
2006,Malaysia,16,7,43.75,363,54,2006,2,2,Malaysian Grand Prix,2006-03-19,http://en.wikipedia.org/wiki/2006_Malaysian_Grand_Prix
2006,Australia,26,13,50.0,364,55,2006,3,1,Australian Grand Prix,2006-04-02,http://en.wikipedia.org/wiki/2006_Australian_Grand_Prix
2006,San Marino,2,0,0.0,365,56,2006,4,21,San Marino Grand Prix,2006-04-23,http://en.wikipedia.org/wiki/2006_San_Marino_Grand_Prix
2006,Europe,10,3,30.0,366,57,2006,5,20,European Grand Prix,2006-05-07,http://en.wikipedia.org/wiki/2006_European_Grand_Prix
2006,Spain,7,0,0.0,367,58,2006,6,4,Spanish Grand Prix,2006-05-14,http://en.wikipedia.org/wiki/2006_Spanish_Grand_Prix
2006,Monaco,19,5,26.32,368,59,2006,7,6,Monaco Grand Prix,2006-05-28,http://en.wikipedia.org/wiki/2006_Monaco_Grand_Prix
2006,Great Britain,5,1,20.0,369,60,2006,8,9,British Grand Prix,2006-06-11,http://en.wikipedia.org/wiki/2006_British_Grand_Prix
2006,Canada,11,9,81.82,370,61,2006,9,7,Canadian Grand Prix,2006-06-25,http://en.wikipedia.org/wiki/2006_Canadian_Grand_Prix
2006,USA,6,4,66.67,371,62,2006,10,19,United States Grand Prix,2006-07-02,http://en.wikipedia.org/wiki/2006_United_States_Grand_Prix
2006,France,5,4,80.0,372,63,2006,11,8,French Grand Prix,2006-07-16,http://en.wikipedia.org/wiki/2006_French_Grand_Prix
2006,Germany,20,6,30.0,373,64,2006,12,10,German Grand Prix,2006-07-30,http://en.wikipedia.org/wiki/2006_German_Grand_Prix
2006,Hungary,37,15,40.54,374,65,2006,13,11,Hungarian Grand Prix,2006-08-06,http://en.wikipedia.org/wiki/2006_Hungarian_Grand_Prix
2006,Turkey,32,20,62.5,375,66,2006,14,5,Turkish Grand Prix,2006-08-27,http://en.wikipedia.org/wiki/2006_Turkish_Grand_Prix
2006,Italy,13,2,15.38,376,67,2006,15,14,Italian Grand Prix,2006-09-10,http://en.wikipedia.org/wiki/2006_Italian_Grand_Prix
2006,China,59,31,52.54,377,68,2006,16,17,Chinese Grand Prix,2006-10-01,http://en.wikipedia.org/wiki/2006_Chinese_Grand_Prix
2006,Japan,11,2,18.18,378,69,2006,17,22,Japanese Grand Prix,2006-10-08,http://en.wikipedia.org/wiki/2006_Japanese_Grand_Prix
2006,Brazil,20,12,60.0,379,70,2006,18,18,Brazilian Grand Prix,2006-10-22,http://en.wikipedia.org/wiki/2006_Brazilian_Grand_Prix
2007,Australia,11,6,54.55,380,36,2007,1,1,Australian Grand Prix,2007-03-18,http://en.wikipedia.org/wiki/2007_Australian_Grand_Prix
2007,Malaysia,12,6,50.0,381,37,2007,2,2,Malaysian Grand Prix,2007-04-08,http://en.wikipedia.org/wiki/2007_Malaysian_Grand_Prix
2007,Bahrain,19,10,52.63,382,38,2007,3,3,Bahrain Grand Prix,2007-04-15,http://en.wikipedia.org/wiki/2007_Bahrain_Grand_Prix
2007,Spain,5,2,40.0,383,39,2007,4,4,Spanish Grand Prix,2007-05-13,http://en.wikipedia.org/wiki/2007_Spanish_Grand_Prix
2007,Monaco,2,1,50.0,384,40,2007,5,6,Monaco Grand Prix,2007-05-27,http://en.wikipedia.org/wiki/2007_Monaco_Grand_Prix
2007,Canada,21,17,80.95,385,41,2007,6,7,Canadian Grand Prix,2007-06-10,http://en.wikipedia.org/wiki/2007_Canadian_Grand_Prix
2007,USA,18,13,72.22,386,42,2007,7,19,United States Grand Prix,2007-06-17,http://en.wikipedia.org/wiki/2007_United_States_Grand_Prix
2007,France,9,6,66.67,387,43,2007,8,8,French Grand Prix,2007-07-01,http://en.wikipedia.org/wiki/2007_French_Grand_Prix
2007,Great Britain,15,13,86.67,388,44,2007,9,9,British Grand Prix,2007-07-08,http://en.wikipedia.org/wiki/2007_British_Grand_Prix
2007,Europe,82,33,40.24,389,45,2007,10,20,European Grand Prix,2007-07-22,http://en.wikipedia.org/wiki/2007_European_Grand_Prix
2007,Hungary,5,3,60.0,390,46,2007,11,11,Hungarian Grand Prix,2007-08-05,http://en.wikipedia.org/wiki/2007_Hungarian_Grand_Prix
2007,Turkey,15,3,20.0,391,47,2007,12,5,Turkish Grand Prix,2007-08-26,http://en.wikipedia.org/wiki/2007_Turkish_Grand_Prix
2007,Italy,14,6,42.86,392,48,2007,13,14,Italian Grand Prix,2007-09-09,http://en.wikipedia.org/wiki/2007_Italian_Grand_Prix
2007,Belgium,16,5,31.25,393,49,2007,14,13,Belgian Grand Prix,2007-09-16,http://en.wikipedia.org/wiki/2007_Belgian_Grand_Prix
2007,Japan,62,22,35.48,394,50,2007,15,16,Japanese Grand Prix,2007-09-30,http://en.wikipedia.org/wiki/2007_Japanese_Grand_Prix
2007,China,46,19,41.3,395,51,2007,16,17,Chinese Grand Prix,2007-10-07,http://en.wikipedia.org/wiki/2007_Chinese_Grand_Prix
2007,Brazil,24,18,75.0,396,52,2007,17,18,Brazilian Grand Prix,2007-10-21,http://en.wikipedia.org/wiki/2007_Brazilian_Grand_Prix
2008,Australia,15,11,73.33,397,18,2008,1,1,Australian Grand Prix,2008-03-16,http://en.wikipedia.org/wiki/2008_Australian_Grand_Prix
2008,Malaysia,6,5,83.33,398,19,2008,2,2,Malaysian Grand Prix,2008-03-23,http://en.wikipedia.org/wiki/2008_Malaysian_Grand_Prix
2008,Bahrain,15,9,60.0,399,20,2008,3,3,Bahrain Grand Prix,2008-04-06,http://en.wikipedia.org/wiki/2008_Bahrain_Grand_Prix
2008,Spain,3,2,66.67,400,21,2008,4,4,Spanish Grand Prix,2008-04-27,http://en.wikipedia.org/wiki/2008_Spanish_Grand_Prix
2008,Turkey,15,15,100.0,401,22,2008,5,5,Turkish Grand Prix,2008-05-11,http://en.wikipedia.org/wiki/2008_Turkish_Grand_Prix
2008,Monaco,33,13,39.39,402,23,2008,6,6,Monaco Grand Prix,2008-05-25,http://en.wikipedia.org/wiki/2008_Monaco_Grand_Prix
2008,Canada,24,18,75.0,403,24,2008,7,7,Canadian Grand Prix,2008-06-08,http://en.wikipedia.org/wiki/2008_Canadian_Grand_Prix
2008,France,11,10,90.91,404,25,2008,8,8,French Grand Prix,2008-06-22,http://en.wikipedia.org/wiki/2008_French_Grand_Prix
2008,Great Britain,47,29,61.7,405,26,2008,9,9,British Grand Prix,2008-07-06,http://en.wikipedia.org/wiki/2008_British_Grand_Prix
2008,Germany,22,17,77.27,406,27,2008,10,10,German Grand Prix,2008-07-20,http://en.wikipedia.org/wiki/2008_German_Grand_Prix
2008,Hungary,3,3,100.0,407,28,2008,11,11,Hungarian Grand Prix,2008-08-03,http://en.wikipedia.org/wiki/2008_Hungarian_Grand_Prix
2008,Europe,4,2,50.0,408,29,2008,12,12,European Grand Prix,2008-08-24,http://en.wikipedia.org/wiki/2008_European_Grand_Prix
2008,Belgium,40,19,47.5,409,30,2008,13,13,Belgian Grand Prix,2008-09-07,http://en.wikipedia.org/wiki/2008_Belgian_Grand_Prix
2008,Italy,48,36,75.0,410,31,2008,14,14,Italian Grand Prix,2008-09-14,http://en.wikipedia.org/wiki/2008_Italian_Grand_Prix
2008,Singapore,14,10,71.43,411,32,2008,15,15,Singapore Grand Prix,2008-09-28,http://en.wikipedia.org/wiki/2008_Singapore_Grand_Prix
2008,Japan,25,12,48.0,412,33,2008,16,16,Japanese Grand Prix,2008-10-12,http://en.wikipedia.org/wiki/2008_Japanese_Grand_Prix
2008,China,10,9,90.0,413,34,2008,17,17,Chinese Grand Prix,2008-10-19,http://en.wikipedia.org/wiki/2008_Chinese_Grand_Prix
2008,Brazil,31,19,61.29,414,35,2008,18,18,Brazilian Grand Prix,2008-11-02,http://en.wikipedia.org/wiki/2008_Brazilian_Grand_Prix
2009,Australia,32,18,56.25,415,1,2009,1,1,Australian Grand Prix,2009-03-29,http://en.wikipedia.org/wiki/2009_Australian_Grand_Prix
2009,Malaysia,38,29,76.32,416,2,2009,2,2,Malaysian Grand Prix,2009-04-05,http://en.wikipedia.org/wiki/2009_Malaysian_Grand_Prix
2009,China,65,22,33.85,417,3,2009,3,17,Chinese Grand Prix,2009-04-19,http://en.wikipedia.org/wiki/2009_Chinese_Grand_Prix
2009,Bahrain,31,21,67.74,418,4,2009,4,3,Bahrain Grand Prix,2009-04-26,http://en.wikipedia.org/wiki/2009_Bahrain_Grand_Prix
2009,Spain,3,3,100.0,419,5,2009,5,4,Spanish Grand Prix,2009-05-10,http://en.wikipedia.org/wiki/2009_Spanish_Grand_Prix
2009,Monaco,8,6,75.0,420,6,2009,6,6,Monaco Grand Prix,2009-05-24,http://en.wikipedia.org/wiki/2009_Monaco_Grand_Prix
2009,Turkey,13,9,69.23,421,7,2009,7,5,Turkish Grand Prix,2009-06-07,http://en.wikipedia.org/wiki/2009_Turkish_Grand_Prix
2009,Great Britain,11,9,81.82,422,8,2009,8,9,British Grand Prix,2009-06-21,http://en.wikipedia.org/wiki/2009_British_Grand_Prix
2009,Germany,18,9,50.0,423,9,2009,9,20,German Grand Prix,2009-07-12,http://en.wikipedia.org/wiki/2009_German_Grand_Prix
2009,Hungary,7,7,100.0,424,10,2009,10,11,Hungarian Grand Prix,2009-07-26,http://en.wikipedia.org/wiki/2009_Hungarian_Grand_Prix
2009,Europe,1,1,100.0,425,11,2009,11,12,European Grand Prix,2009-08-23,http://en.wikipedia.org/wiki/2009_European_Grand_Prix
2009,Belgium,11,10,90.91,426,12,2009,12,13,Belgian Grand Prix,2009-08-30,http://en.wikipedia.org/wiki/2009_Belgian_Grand_Prix
2009,Italy,10,8,80.0,427,13,2009,13,14,Italian Grand Prix,2009-09-13,http://en.wikipedia.org/wiki/2009_Italian_Grand_Prix
2009,Singapore,4,3,75.0,428,14,2009,14,15,Singapore Grand Prix,2009-09-27,http://en.wikipedia.org/wiki/2009_Singapore_Grand_Prix
2009,Japan,12,4,33.33,429,15,2009,15,22,Japanese Grand Prix,2009-10-04,http://en.wikipedia.org/wiki/2009_Japanese_Grand_Prix
2009,Brazil,29,19,65.52,430,16,2009,16,18,Brazilian Grand Prix,2009-10-18,http://en.wikipedia.org/wiki/2009_Brazilian_Grand_Prix
2009,Abu Dhabi,8,5,62.5,431,17,2009,17,24,Abu Dhabi Grand Prix,2009-11-01,http://en.wikipedia.org/wiki/2009_Abu_Dhabi_Grand_Prix
2010,Bahrain,27,17,62.96,432,337,2010,1,3,Bahrain Grand Prix,2010-03-14,http://en.wikipedia.org/wiki/2010_Bahrain_Grand_Prix
2010,Australia,51,29,56.86,433,338,2010,2,1,Australian Grand Prix,2010-03-28,http://en.wikipedia.org/wiki/2010_Australian_Grand_Prix
2010,Malaysia,26,15,57.69,434,339,2010,3,2,Malaysian Grand Prix,2010-04-04,http://en.wikipedia.org/wiki/2010_Malaysian_Grand_Prix
2010,China,93,70,75.27,435,340,2010,4,17,Chinese Grand Prix,2010-04-18,http://en.wikipedia.org/wiki/2010_Chinese_Grand_Prix
2010,Spain,11,9,81.82,436,341,2010,5,4,Spanish Grand Prix,2010-05-09,http://en.wikipedia.org/wiki/2010_Spanish_Grand_Prix
2010,Monaco,6,5,83.33,437,342,2010,6,6,Monaco Grand Prix,2010-05-16,http://en.wikipedia.org/wiki/2010_Monaco_Grand_Prix
2010,Turkey,29,13,44.83,438,343,2010,7,5,Turkish Grand Prix,2010-05-30,http://en.wikipedia.org/wiki/2010_Turkish_Grand_Prix
2010,Canada,72,21,29.17,439,344,2010,8,7,Canadian Grand Prix,2010-06-13,http://en.wikipedia.org/wiki/2010_Canadian_Grand_Prix
2010,Europe,17,9,52.94,440,345,2010,9,12,European Grand Prix,2010-06-27,http://en.wikipedia.org/wiki/2010_European_Grand_Prix
2010,Great Britain,34,17,50.0,441,346,2010,10,9,British Grand Prix,2010-07-11,http://en.wikipedia.org/wiki/2010_British_Grand_Prix
2010,Germany,16,4,25.0,442,347,2010,11,10,German Grand Prix,2010-07-25,http://en.wikipedia.org/wiki/2010_German_Grand_Prix
2010,Hungary,9,4,44.44,443,348,2010,12,11,Hungarian Grand Prix,2010-08-01,http://en.wikipedia.org/wiki/2010_Hungarian_Grand_Prix
2010,Belgium,71,22,30.99,444,349,2010,13,13,Belgian Grand Prix,2010-08-29,http://en.wikipedia.org/wiki/2010_Belgian_Grand_Prix
2010,Italy,19,10,52.63,445,350,2010,14,14,Italian Grand Prix,2010-09-12,http://en.wikipedia.org/wiki/2010_Italian_Grand_Prix
2010,Singapore,33,18,54.55,446,351,2010,15,15,Singapore Grand Prix,2010-09-26,http://en.wikipedia.org/wiki/2010_Singapore_Grand_Prix
2010,Japan,10,9,90.0,447,352,2010,16,22,Japanese Grand Prix,2010-10-10,http://en.wikipedia.org/wiki/2010_Japanese_Grand_Prix
2010,South Korea,39,18,46.15,448,353,2010,17,35,Korean Grand Prix,2010-10-24,http://en.wikipedia.org/wiki/2010_Korean_Grand_Prix
2010,Brazil,36,17,47.22,449,354,2010,18,18,Brazilian Grand Prix,2010-11-07,http://en.wikipedia.org/wiki/2010_Brazilian_Grand_Prix
2010,Abu Dhabi,16,6,37.5,450,355,2010,19,24,Abu Dhabi Grand Prix,2010-11-14,http://en.wikipedia.org/wiki/2010_Abu_Dhabi_Grand_Prix
2011,Australia,31,11,35.48,451,841,2011,1,1,Australian Grand Prix,2011-03-27,http://en.wikipedia.org/wiki/2011_Australian_Grand_Prix
2011,Malaysia,65,33,50.77,452,842,2011,2,2,Malaysian Grand Prix,2011-04-10,http://en.wikipedia.org/wiki/2011_Malaysian_Grand_Prix
2011,China,98,48,48.98,453,843,2011,3,17,Chinese Grand Prix,2011-04-17,http://en.wikipedia.org/wiki/2011_Chinese_Grand_Prix
2011,Turkey,132,45,34.09,454,844,2011,4,5,Turkish Grand Prix,2011-05-08,http://en.wikipedia.org/wiki/2011_Turkish_Grand_Prix
2011,Spain,94,25,26.6,455,845,2011,5,4,Spanish Grand Prix,2011-05-22,http://en.wikipedia.org/wiki/2011_Spanish_Grand_Prix
2011,Monaco,28,10,35.71,456,846,2011,6,6,Monaco Grand Prix,2011-05-29,http://en.wikipedia.org/wiki/2011_Monaco_Grand_Prix
2011,Canada,129,39,30.23,457,847,2011,7,7,Canadian Grand Prix,2011-06-12,http://en.wikipedia.org/wiki/2011_Canadian_Grand_Prix
2011,Europe,48,19,39.58,458,848,2011,8,12,European Grand Prix,2011-06-26,http://en.wikipedia.org/wiki/2011_European_Grand_Prix
2011,Great Britain,30,21,70.0,459,849,2011,9,9,British Grand Prix,2011-07-10,http://en.wikipedia.org/wiki/2011_British_Grand_Prix
2011,Germany,53,21,39.62,460,850,2011,10,20,German Grand Prix,2011-07-24,http://en.wikipedia.org/wiki/2011_German_Grand_Prix
2011,Hungary,75,29,38.67,461,851,2011,11,11,Hungarian Grand Prix,2011-07-31,http://en.wikipedia.org/wiki/2011_Hungarian_Grand_Prix
2011,Belgium,99,43,43.43,462,852,2011,12,13,Belgian Grand Prix,2011-08-28,http://en.wikipedia.org/wiki/2011_Belgian_Grand_Prix
2011,Italy,51,19,37.25,463,853,2011,13,14,Italian Grand Prix,2011-09-11,http://en.wikipedia.org/wiki/2011_Italian_Grand_Prix
2011,Singapore,54,30,55.56,464,854,2011,14,15,Singapore Grand Prix,2011-09-25,http://en.wikipedia.org/wiki/2011_Singapore_Grand_Prix
2011,Japan,80,18,22.5,465,855,2011,15,22,Japanese Grand Prix,2011-10-09,http://en.wikipedia.org/wiki/2011_Japanese_Grand_Prix
2011,South Korea,55,27,49.09,466,856,2011,16,35,Korean Grand Prix,2011-10-16,http://en.wikipedia.org/wiki/2011_Korean_Grand_Prix
2011,India,28,13,46.43,467,857,2011,17,68,Indian Grand Prix,2011-10-30,http://en.wikipedia.org/wiki/2011_Indian_Grand_Prix
2011,Abu Dhabi,68,35,51.47,468,858,2011,18,24,Abu Dhabi Grand Prix,2011-11-13,http://en.wikipedia.org/wiki/2011_Abu_Dhabi_Grand_Prix
2011,Brazil,31,15,48.39,469,859,2011,19,18,Brazilian Grand Prix,2011-11-27,http://en.wikipedia.org/wiki/2011_Brazilian_Grand_Prix
2012,Australia,43,25,58.14,470,860,2012,1,1,Australian Grand Prix,2012-03-18,http://en.wikipedia.org/wiki/2012_Australian_Grand_Prix
2012,Malaysia,83,28,33.73,471,861,2012,2,2,Malaysian Grand Prix,2012-03-25,http://en.wikipedia.org/wiki/2012_Malaysian_Grand_Prix
2012,China,97,49,50.52,472,862,2012,3,17,Chinese Grand Prix,2012-04-15,http://en.wikipedia.org/wiki/2012_Chinese_Grand_Prix
2012,Bahrain,81,43,53.09,473,863,2012,4,3,Bahrain Grand Prix,2012-04-22,http://en.wikipedia.org/wiki/2012_Bahrain_Grand_Prix
2012,Spain,56,29,51.79,474,864,2012,5,4,Spanish Grand Prix,2012-05-13,http://en.wikipedia.org/wiki/2012_Spanish_Grand_Prix
2012,Monaco,13,4,30.77,475,865,2012,6,6,Monaco Grand Prix,2012-05-27,http://en.wikipedia.org/wiki/2012_Monaco_Grand_Prix
2012,Canada,48,18,37.5,476,866,2012,7,7,Canadian Grand Prix,2012-06-10,http://en.wikipedia.org/wiki/2012_Canadian_Grand_Prix
2012,Europe,81,42,51.85,477,867,2012,8,12,European Grand Prix,2012-06-24,http://en.wikipedia.org/wiki/2012_European_Grand_Prix
2012,Great Britain,49,25,51.02,478,868,2012,9,9,British Grand Prix,2012-07-08,http://en.wikipedia.org/wiki/2012_British_Grand_Prix
2012,Germany,71,35,49.3,479,869,2012,10,10,German Grand Prix,2012-07-22,http://en.wikipedia.org/wiki/2012_German_Grand_Prix
2012,Hungary,18,8,44.44,480,870,2012,11,11,Hungarian Grand Prix,2012-07-29,http://en.wikipedia.org/wiki/2012_Hungarian_Grand_Prix
2012,Belgium,61,40,65.57,481,871,2012,12,13,Belgian Grand Prix,2012-09-02,http://en.wikipedia.org/wiki/2012_Belgian_Grand_Prix
2012,Italy,66,36,54.55,482,872,2012,13,14,Italian Grand Prix,2012-09-09,http://en.wikipedia.org/wiki/2012_Italian_Grand_Prix
2012,Singapore,64,21,32.81,483,873,2012,14,15,Singapore Grand Prix,2012-09-23,http://en.wikipedia.org/wiki/2012_Singapore_Grand_Prix
2012,Japan,44,9,20.45,484,874,2012,15,22,Japanese Grand Prix,2012-10-07,http://en.wikipedia.org/wiki/2012_Japanese_Grand_Prix
2012,South Korea,36,23,63.89,485,875,2012,16,35,Korean Grand Prix,2012-10-14,http://en.wikipedia.org/wiki/2012_Korean_Grand_Prix
2012,India,35,18,51.43,486,876,2012,17,68,Indian Grand Prix,2012-10-28,http://en.wikipedia.org/wiki/2012_Indian_Grand_Prix
2012,Abu Dhabi,56,27,48.21,487,877,2012,18,24,Abu Dhabi Grand Prix,2012-11-04,http://en.wikipedia.org/wiki/2012_Abu_Dhabi_Grand_Prix
2012,USA,69,39,56.52,488,878,2012,19,69,United States Grand Prix,2012-11-18,http://en.wikipedia.org/wiki/2012_United_States_Grand_Prix
2012,Brazil,158,62,39.24,489,879,2012,20,18,Brazilian Grand Prix,2012-11-25,http://en.wikipedia.org/wiki/2012_Brazilian_Grand_Prix
2013,Australia,59,21,35.59,490,880,2013,1,1,Australian Grand Prix,2013-03-17,http://en.wikipedia.org/wiki/2013_Australian_Grand_Prix
2013,Malaysia,55,32,58.18,491,881,2013,2,2,Malaysian Grand Prix,2013-03-24,http://en.wikipedia.org/wiki/2013_Malaysian_Grand_Prix
2013,China,84,44,52.38,492,882,2013,3,17,Chinese Grand Prix,2013-04-14,http://en.wikipedia.org/wiki/2013_Chinese_Grand_Prix
2013,Bahrain,89,52,58.43,493,883,2013,4,3,Bahrain Grand Prix,2013-04-21,http://en.wikipedia.org/wiki/2013_Bahrain_Grand_Prix
2013,Spain,74,31,41.89,494,884,2013,5,4,Spanish Grand Prix,2013-05-12,http://en.wikipedia.org/wiki/2013_Spanish_Grand_Prix
2013,Monaco,17,7,41.18,495,885,2013,6,6,Monaco Grand Prix,2013-05-26,http://en.wikipedia.org/wiki/2013_Monaco_Grand_Prix
2013,Canada,48,22,45.83,496,886,2013,7,7,Canadian Grand Prix,2013-06-09,http://en.wikipedia.org/wiki/2013_Canadian_Grand_Prix
2013,Great Britain,92,46,50.0,497,887,2013,8,9,British Grand Prix,2013-06-30,http://en.wikipedia.org/wiki/2013_British_Grand_Prix
2013,Germany,54,26,48.15,498,888,2013,9,20,German Grand Prix,2013-07-07,http://en.wikipedia.org/wiki/2013_German_Grand_Prix
2013,Hungary,28,10,35.71,499,890,2013,10,11,Hungarian Grand Prix,2013-07-28,http://en.wikipedia.org/wiki/2013_Hungarian_Grand_Prix
2013,Belgium,64,34,53.13,500,891,2013,11,13,Belgian Grand Prix,2013-08-25,http://en.wikipedia.org/wiki/2013_Belgian_Grand_Prix
2013,Italy,28,18,64.29,501,892,2013,12,14,Italian Grand Prix,2013-09-08,http://en.wikipedia.org/wiki/2013_Italian_Grand_Prix
2013,Singapore,39,21,53.85,502,893,2013,13,15,Singapore Grand Prix,2013-09-22,http://en.wikipedia.org/wiki/2013_Singapore_Grand_Prix
2013,South Korea,69,33,47.83,503,894,2013,14,35,Korean Grand Prix,2013-10-06,http://en.wikipedia.org/wiki/2013_Korean_Grand_Prix
2013,Japan,34,24,70.59,504,895,2013,15,22,Japanese Grand Prix,2013-10-13,http://en.wikipedia.org/wiki/2013_Japanese_Grand_Prix
2013,India,57,31,54.39,505,896,2013,16,68,Indian Grand Prix,2013-10-27,http://en.wikipedia.org/wiki/2013_Indian_Grand_Prix
2013,Abu Dhabi,47,36,76.6,506,897,2013,17,24,Abu Dhabi Grand Prix,2013-11-03,http://en.wikipedia.org/wiki/2013_Abu_Dhabi_Grand_Prix
2013,USA,23,17,73.91,507,898,2013,18,69,United States Grand Prix,2013-11-17,http://en.wikipedia.org/wiki/2013_United_States_Grand_Prix
2013,Brazil,68,29,42.65,508,899,2013,19,18,Brazilian Grand Prix,2013-11-24,http://en.wikipedia.org/wiki/2013_Brazilian_Grand_Prix
2014,Australia,30,13,43.33,509,900,2014,1,1,Australian Grand Prix,2014-03-16,http://en.wikipedia.org/wiki/2014_Australian_Grand_Prix
2014,Malaysia,33,23,69.7,510,901,2014,2,2,Malaysian Grand Prix,2014-03-30,http://en.wikipedia.org/wiki/2014_Malaysian_Grand_Prix
2014,Bahrain,74,47,63.51,511,902,2014,3,3,Bahrain Grand Prix,2014-04-06,http://en.wikipedia.org/wiki/2014_Bahrain_Grand_Prix
2014,China,42,19,45.24,512,903,2014,4,17,Chinese Grand Prix,2014-04-20,http://en.wikipedia.org/wiki/2014_Chinese_Grand_Prix
2014,Spain,43,22,51.16,513,904,2014,5,4,Spanish Grand Prix,2014-05-11,http://en.wikipedia.org/wiki/2014_Spanish_Grand_Prix
2014,Monaco,10,8,80.0,514,905,2014,6,6,Monaco Grand Prix,2014-05-25,http://en.wikipedia.org/wiki/2014_Monaco_Grand_Prix
2014,Canada,32,14,43.75,515,906,2014,7,7,Canadian Grand Prix,2014-06-08,http://en.wikipedia.org/wiki/2014_Canadian_Grand_Prix
2014,Austria,43,16,37.21,516,907,2014,8,70,Austrian Grand Prix,2014-06-22,http://en.wikipedia.org/wiki/2014_Austrian_Grand_Prix
2014,Great Britain,43,20,46.51,517,908,2014,9,9,British Grand Prix,2014-07-06,http://en.wikipedia.org/wiki/2014_British_Grand_Prix
2014,Germany,92,55,59.78,518,909,2014,10,10,German Grand Prix,2014-07-20,http://en.wikipedia.org/wiki/2014_German_Grand_Prix
2014,Hungary,52,17,32.69,519,910,2014,11,11,Hungarian Grand Prix,2014-07-27,http://en.wikipedia.org/wiki/2014_Hungarian_Grand_Prix
2014,Belgium,62,32,51.61,520,911,2014,12,13,Belgian Grand Prix,2014-08-24,http://en.wikipedia.org/wiki/2014_Belgian_Grand_Prix
2014,Italy,45,26,57.78,521,912,2014,13,14,Italian Grand Prix,2014-09-07,http://en.wikipedia.org/wiki/2014_Italian_Grand_Prix
2014,Singapore,52,23,44.23,522,913,2014,14,15,Singapore Grand Prix,2014-09-21,http://en.wikipedia.org/wiki/2014_Singapore_Grand_Prix
2014,Japan,37,13,35.14,523,914,2014,15,22,Japanese Grand Prix,2014-10-05,http://en.wikipedia.org/wiki/2014_Japanese_Grand_Prix
2014,Russia,44,18,40.91,524,915,2014,16,71,Russian Grand Prix,2014-10-12,http://en.wikipedia.org/wiki/2014_Russian_Grand_Prix
2014,USA,40,32,80.0,525,916,2014,17,69,United States Grand Prix,2014-11-02,http://en.wikipedia.org/wiki/2014_United_States_Grand_Prix
2014,Brazil,41,25,60.98,526,917,2014,18,18,Brazilian Grand Prix,2014-11-09,http://en.wikipedia.org/wiki/2014_Brazilian_Grand_Prix
2014,Abu Dhabi,56,27,48.21,527,918,2014,19,24,Abu Dhabi Grand Prix,2014-11-23,http://en.wikipedia.org/wiki/2014_Abu_Dhabi_Grand_Prix
2015,Australia,11,8,72.73,528,926,2015,1,1,Australian Grand Prix,2015-03-15,http://en.wikipedia.org/wiki/2015_Australian_Grand_Prix
2015,Malaysia,74,53,71.62,529,927,2015,2,2,Malaysian Grand Prix,2015-03-29,http://en.wikipedia.org/wiki/2015_Malaysian_Grand_Prix
2015,China,32,25,78.13,530,928,2015,3,17,Chinese Grand Prix,2015-04-12,http://en.wikipedia.org/wiki/2015_Chinese_Grand_Prix
2015,Bahrain,45,24,53.33,531,929,2015,4,3,Bahrain Grand Prix,2015-04-19,http://en.wikipedia.org/wiki/2015_Bahrain_Grand_Prix
2015,Spain,30,18,60.0,532,930,2015,5,4,Spanish Grand Prix,2015-05-10,http://en.wikipedia.org/wiki/2015_Spanish_Grand_Prix
2015,Monaco,10,3,30.0,533,931,2015,6,6,Monaco Grand Prix,2015-05-24,http://en.wikipedia.org/wiki/2015_Monaco_Grand_Prix
2015,Canada,38,27,71.05,534,932,2015,7,7,Canadian Grand Prix,2015-06-07,http://en.wikipedia.org/wiki/2015_Canadian_Grand_Prix
2015,Austria,21,15,71.43,535,933,2015,8,70,Austrian Grand Prix,2015-06-21,http://en.wikipedia.org/wiki/2015_Austrian_Grand_Prix
2015,Great Britain,22,9,40.91,536,934,2015,9,9,British Grand Prix,2015-07-05,http://en.wikipedia.org/wiki/2015_British_Grand_Prix
2015,Hungary,35,16,45.71,537,936,2015,10,11,Hungarian Grand Prix,2015-07-26,http://en.wikipedia.org/wiki/2015_Hungarian_Grand_Prix
2015,Belgium,30,21,70.0,538,937,2015,11,13,Belgian Grand Prix,2015-08-23,http://en.wikipedia.org/wiki/2015_Belgian_Grand_Prix
2015,Italy,33,19,57.58,539,938,2015,12,14,Italian Grand Prix,2015-09-06,http://en.wikipedia.org/wiki/2015_Italian_Grand_Prix
2015,Singapore,15,11,73.33,540,939,2015,13,15,Singapore Grand Prix,2015-09-20,http://en.wikipedia.org/wiki/2015_Singapore_Grand_Prix
2015,Japan,37,23,62.16,541,940,2015,14,22,Japanese Grand Prix,2015-09-27,http://en.wikipedia.org/wiki/2015_Japanese_Grand_Prix
2015,Russia,31,16,51.61,542,941,2015,15,71,Russian Grand Prix,2015-10-11,http://en.wikipedia.org/wiki/2015_Russian_Grand_Prix
2015,USA,63,44,69.84,543,942,2015,16,69,United States Grand Prix,2015-10-25,http://en.wikipedia.org/wiki/2015_United_States_Grand_Prix
2015,Mexico,33,18,54.55,544,943,2015,17,32,Mexican Grand Prix,2015-11-01,http://en.wikipedia.org/wiki/2015_Mexican_Grand_Prix
2015,Brazil,38,31,81.58,545,944,2015,18,18,Brazilian Grand Prix,2015-11-15,http://en.wikipedia.org/wiki/2015_Brazilian_Grand_Prix
2015,Abu Dhabi,31,24,77.42,546,945,2015,19,24,Abu Dhabi Grand Prix,2015-11-29,http://en.wikipedia.org/wiki/2015_Abu_Dhabi_Grand_Prix
2016,Australia,37,17,45.95,547,948,2016,1,1,Australian Grand Prix,2016-03-20,http://en.wikipedia.org/wiki/2016_Australian_Grand_Prix
2016,Bahrain,90,57,63.33,548,949,2016,2,3,Bahrain Grand Prix,2016-04-03,http://en.wikipedia.org/wiki/2016_Bahrain_Grand_Prix
2016,China,170,91,53.53,549,950,2016,3,17,Chinese Grand Prix,2016-04-17,http://en.wikipedia.org/wiki/2016_Chinese_Grand_Prix
2016,Russia,31,22,70.97,550,951,2016,4,71,Russian Grand Prix,2016-05-01,http://en.wikipedia.org/wiki/2016_Russian_Grand_Prix
2016,Spain,54,15,27.78,551,952,2016,5,4,Spanish Grand Prix,2016-05-15,http://en.wikipedia.org/wiki/2016_Spanish_Grand_Prix
2016,Monaco,14,7,50.0,552,953,2016,6,6,Monaco Grand Prix,2016-05-29,http://en.wikipedia.org/wiki/2016_Monaco_Grand_Prix
2016,Canada,33,13,39.39,553,954,2016,7,7,Canadian Grand Prix,2016-06-12,http://en.wikipedia.org/wiki/2016_Canadian_Grand_Prix
2016,Europe,80,46,57.5,554,955,2016,8,73,European Grand Prix,2016-06-19,http://en.wikipedia.org/wiki/2016_European_Grand_Prix
2016,Austria,78,47,60.26,555,956,2016,9,70,Austrian Grand Prix,2016-07-03,http://en.wikipedia.org/wiki/2016_Austrian_Grand_Prix
2016,Great Britain,16,8,50.0,556,957,2016,10,9,British Grand Prix,2016-07-10,http://en.wikipedia.org/wiki/2016_British_Grand_Prix
2016,Hungary,12,3,25.0,557,958,2016,11,11,Hungarian Grand Prix,2016-07-24,http://en.wikipedia.org/wiki/2016_Hungarian_Grand_Prix
2016,Germany,58,27,46.55,558,959,2016,12,10,German Grand Prix,2016-07-31,http://en.wikipedia.org/wiki/2016_German_Grand_Prix
2016,Belgium,50,30,60.0,559,960,2016,13,13,Belgian Grand Prix,2016-08-28,http://en.wikipedia.org/wiki/2016_Belgian_Grand_Prix
2016,Italy,49,25,51.02,560,961,2016,14,14,Italian Grand Prix,2016-09-04,http://en.wikipedia.org/wiki/2016_Italian_Grand_Prix
2016,Singapore,40,20,50.0,561,962,2016,15,15,Singapore Grand Prix,2016-09-18,http://en.wikipedia.org/wiki/2016_Singapore_Grand_Prix
2016,Malaysia,44,28,63.64,562,963,2016,16,2,Malaysian Grand Prix,2016-10-02,http://en.wikipedia.org/wiki/2016_Malaysian_Grand_Prix
2016,Japan,50,25,50.0,563,964,2016,17,22,Japanese Grand Prix,2016-10-09,http://en.wikipedia.org/wiki/2016_Japanese_Grand_Prix
2016,USA,57,25,43.86,564,965,2016,18,69,United States Grand Prix,2016-10-23,http://en.wikipedia.org/wiki/2016_United_States_Grand_Prix
2016,Mexico,26,12,46.15,565,966,2016,19,32,Mexican Grand Prix,2016-10-30,http://en.wikipedia.org/wiki/2016_Mexican_Grand_Prix
2016,Brazil,65,25,38.46,566,967,2016,20,18,Brazilian Grand Prix,2016-11-13,http://en.wikipedia.org/wiki/2016_Brazilian_Grand_Prix
2016,Abu Dhabi,43,22,51.16,567,968,2016,21,24,Abu Dhabi Grand Prix,2016-11-27,http://en.wikipedia.org/wiki/2016_Abu_Dhabi_Grand_Prix
2017,Australia,2,2,100.0,568,969,2017,1,1,Australian Grand Prix,2017-03-26,http://en.wikipedia.org/wiki/2017_Australian_Grand_Prix
2017,China,36,20,55.56,569,970,2017,2,17,Chinese Grand Prix,2017-04-09,http://en.wikipedia.org/wiki/2017_Chinese_Grand_Prix
2017,Bahrain,38,28,73.68,570,971,2017,3,3,Bahrain Grand Prix,2017-04-16,http://en.wikipedia.org/wiki/2017_Bahrain_Grand_Prix
2017,Russia,0,0,0.0,571,972,2017,4,71,Russian Grand Prix,2017-04-30,http://en.wikipedia.org/wiki/2017_Russian_Grand_Prix
2017,Spain,20,13,65.0,572,973,2017,5,4,Spanish Grand Prix,2017-05-14,http://en.wikipedia.org/wiki/2017_Spanish_Grand_Prix
2017,Monaco,3,1,33.33,573,974,2017,6,6,Monaco Grand Prix,2017-05-28,http://en.wikipedia.org/wiki/2017_Monaco_Grand_Prix
2017,Canada,34,20,58.82,574,975,2017,7,7,Canadian Grand Prix,2017-06-11,http://en.wikipedia.org/wiki/2017_Canadian_Grand_Prix
2017,Azerbaijan,48,35,72.92,575,976,2017,8,73,Azerbaijan Grand Prix,2017-06-25,http://en.wikipedia.org/wiki/2017_Azerbaijan_Grand_Prix
2017,Austria,13,6,46.15,576,977,2017,9,70,Austrian Grand Prix,2017-07-09,http://en.wikipedia.org/wiki/2017_Austrian_Grand_Prix
2017,Great Britain,39,20,51.28,577,978,2017,10,9,British Grand Prix,2017-07-16,http://en.wikipedia.org/wiki/2017_British_Grand_Prix
2017,Hungary,9,2,22.22,578,979,2017,11,11,Hungarian Grand Prix,2017-07-30,http://en.wikipedia.org/wiki/2017_Hungarian_Grand_Prix
2017,Belgium,42,23,54.76,579,980,2017,12,13,Belgian Grand Prix,2017-08-27,http://en.wikipedia.org/wiki/2017_Belgian_Grand_Prix
2017,Italy,38,22,57.89,580,981,2017,13,14,Italian Grand Prix,2017-09-03,http://en.wikipedia.org/wiki/2017_Italian_Grand_Prix
2017,Singapore,16,11,68.75,581,982,2017,14,15,Singapore Grand Prix,2017-09-17,http://en.wikipedia.org/wiki/2017_Singapore_Grand_Prix
2017,Malaysia,33,21,63.64,582,983,2017,15,2,Malaysian Grand Prix,2017-10-01,http://en.wikipedia.org/wiki/2017_Malaysian_Grand_Prix
2017,Japan,19,16,84.21,583,984,2017,16,22,Japanese Grand Prix,2017-10-08,http://en.wikipedia.org/wiki/2017_Japanese_Grand_Prix
2017,USA,44,14,31.82,584,985,2017,17,69,United States Grand Prix,2017-10-22,http://en.wikipedia.org/wiki/2017_United_States_Grand_Prix
2017,Mexico,26,23,88.46,585,986,2017,18,32,Mexican Grand Prix,2017-10-29,http://en.wikipedia.org/wiki/2017_Mexican_Grand_Prix
2017,Brazil,37,28,75.68,586,987,2017,19,18,Brazilian Grand Prix,2017-11-12,http://en.wikipedia.org/wiki/2017_Brazilian_Grand_Prix
2017,Abu Dhabi,12,9,75.0,587,988,2017,20,24,Abu Dhabi Grand Prix,2017-11-26,http://en.wikipedia.org/wiki/2017_Abu_Dhabi_Grand_Prix
2018,Australia,5,3,60.0,588,989,2018,1,1,Australian Grand Prix,2018-03-25,http://en.wikipedia.org/wiki/2018_Australian_Grand_Prix
2018,Bahrain,62,37,59.68,589,990,2018,2,3,Bahrain Grand Prix,2018-04-08,http://en.wikipedia.org/wiki/2018_Bahrain_Grand_Prix
2018,China,53,24,45.28,590,991,2018,3,17,Chinese Grand Prix,2018-04-15,http://en.wikipedia.org/wiki/2018_Chinese_Grand_Prix
2018,Azerbaijan,58,32,55.17,591,992,2018,4,73,Azerbaijan Grand Prix,2018-04-29,http://en.wikipedia.org/wiki/2018_Azerbaijan_Grand_Prix
2018,Spain,13,9,69.23,592,993,2018,5,4,Spanish Grand Prix,2018-05-13,http://en.wikipedia.org/wiki/2018_Spanish_Grand_Prix
2018,Monaco,4,3,75.0,593,994,2018,6,6,Monaco Grand Prix,2018-05-27,http://en.wikipedia.org/wiki/2018_Monaco_Grand_Prix
2018,Canada,15,6,40.0,594,995,2018,7,7,Canadian Grand Prix,2018-06-10,http://en.wikipedia.org/wiki/2018_Canadian_Grand_Prix
2018,France,52,35,67.31,595,996,2018,8,34,French Grand Prix,2018-06-24,http://en.wikipedia.org/wiki/2018_French_Grand_Prix
2018,Austria,30,16,53.33,596,997,2018,9,70,Austrian Grand Prix,2018-07-01,http://en.wikipedia.org/wiki/2018_Austrian_Grand_Prix
2018,Great Britain,33,20,60.61,597,998,2018,10,9,British Grand Prix,2018-07-08,http://en.wikipedia.org/wiki/2018_British_Grand_Prix
2018,Germany,66,45,68.18,598,999,2018,11,10,German Grand Prix,2018-07-22,http://en.wikipedia.org/wiki/2018_German_Grand_Prix
2018,Hungary,21,17,80.95,599,1000,2018,12,11,Hungarian Grand Prix,2018-07-29,http://en.wikipedia.org/wiki/2018_Hungarian_Grand_Prix
2018,Belgium,30,19,63.33,600,1001,2018,13,13,Belgian Grand Prix,2018-08-26,http://en.wikipedia.org/wiki/2018_Belgian_Grand_Prix
2018,Italy,44,24,54.55,601,1002,2018,14,14,Italian Grand Prix,2018-09-02,http://en.wikipedia.org/wiki/2018_Italian_Grand_Prix
2018,Singapore,13,9,69.23,602,1003,2018,15,15,Singapore Grand Prix,2018-09-16,http://en.wikipedia.org/wiki/2018_Singapore_Grand_Prix
2018,Russia,33,14,42.42,603,1004,2018,16,71,Russian Grand Prix,2018-09-30,http://en.wikipedia.org/wiki/2018_Russian_Grand_Prix
2018,Japan,60,43,71.67,604,1005,2018,17,22,Japanese Grand Prix,2018-10-07,http://en.wikipedia.org/wiki/2018_Japanese_Grand_Prix
2018,USA,31,11,35.48,605,1006,2018,18,69,United States Grand Prix,2018-10-21,http://en.wikipedia.org/wiki/2018_United_States_Grand_Prix
2018,Mexico,36,14,38.89,606,1007,2018,19,32,Mexican Grand Prix,2018-10-28,http://en.wikipedia.org/wiki/2018_Mexican_Grand_Prix
2018,Brazil,52,30,57.69,607,1008,2018,20,18,Brazilian Grand Prix,2018-11-11,http://en.wikipedia.org/wiki/2018_Brazilian_Grand_Prix
2018,Abu Dhabi,38,26,68.42,608,1009,2018,21,24,Abu Dhabi Grand Prix,2018-11-25,http://en.wikipedia.org/wiki/2018_Abu_Dhabi_Grand_Prix
2019,Australia,12,9,75.0,609,1010,2019,1,1,Australian Grand Prix,2019-03-17,http://en.wikipedia.org/wiki/2019_Australian_Grand_Prix
2019,Bahrain,73,35,47.95,610,1011,2019,2,3,Bahrain Grand Prix,2019-03-31,http://en.wikipedia.org/wiki/2019_Bahrain_Grand_Prix
2019,China,40,17,42.5,611,1012,2019,3,17,Chinese Grand Prix,2019-04-14,http://en.wikipedia.org/wiki/2019_Chinese_Grand_Prix
2019,Azerbaijan,62,31,50.0,612,1013,2019,4,73,Azerbaijan Grand Prix,2019-04-28,http://en.wikipedia.org/wiki/2019_Azerbaijan_Grand_Prix
2019,Spain,26,9,34.62,613,1014,2019,5,4,Spanish Grand Prix,2019-05-12,http://en.wikipedia.org/wiki/2019_Spanish_Grand_Prix
2019,Monaco,2,2,100.0,614,1015,2019,6,6,Monaco Grand Prix,2019-05-26,http://en.wikipedia.org/wiki/2019_Monaco_Grand_Prix
2019,Canada,30,12,40.0,615,1016,2019,7,7,Canadian Grand Prix,2019-06-09,http://en.wikipedia.org/wiki/2019_Canadian_Grand_Prix
2019,France,28,21,75.0,616,1017,2019,8,34,French Grand Prix,2019-06-23,http://en.wikipedia.org/wiki/2019_French_Grand_Prix
2019,Austria,50,19,38.0,617,1018,2019,9,70,Austrian Grand Prix,2019-06-30,http://en.wikipedia.org/wiki/2019_Austrian_Grand_Prix
2019,Great Britain,33,11,33.33,618,1019,2019,10,9,British Grand Prix,2019-07-14,http://en.wikipedia.org/wiki/2019_British_Grand_Prix
2019,Germany,94,39,41.49,619,1020,2019,11,10,German Grand Prix,2019-07-28,http://en.wikipedia.org/wiki/2019_German_Grand_Prix
2019,Hungary,31,18,58.06,620,1021,2019,12,11,Hungarian Grand Prix,2019-08-04,http://en.wikipedia.org/wiki/2019_Hungarian_Grand_Prix
2019,Belgium,63,35,55.56,621,1022,2019,13,13,Belgian Grand Prix,2019-09-01,http://en.wikipedia.org/wiki/2019_Belgian_Grand_Prix
2019,Italy,45,13,28.89,622,1023,2019,14,14,Italian Grand Prix,2019-09-08,http://en.wikipedia.org/wiki/2019_Italian_Grand_Prix
2019,Singapore,59,45,76.27,623,1024,2019,15,15,Singapore Grand Prix,2019-09-22,http://en.wikipedia.org/wiki/2019_Singapore_Grand_Prix
2019,Russia,28,14,50.0,624,1025,2019,16,71,Russian Grand Prix,2019-09-29,http://en.wikipedia.org/wiki/2019_Russian_Grand_Prix
2019,Japan,58,25,43.1,625,1026,2019,17,22,Japanese Grand Prix,2019-10-13,http://en.wikipedia.org/wiki/2019_Japanese_Grand_Prix
2019,Mexico,46,20,43.48,626,1027,2019,18,32,Mexican Grand Prix,2019-10-27,http://en.wikipedia.org/wiki/2019_Mexican_Grand_Prix
2019,USA,61,27,44.26,627,1028,2019,19,69,United States Grand Prix,2019-11-03,http://en.wikipedia.org/wiki/2019_United_States_Grand_Prix
2019,Brazil,71,24,33.8,628,1029,2019,20,18,Brazilian Grand Prix,2019-11-17,http://en.wikipedia.org/wiki/2019_Brazilian_Grand_Prix
2019,Abu Dhabi,37,21,56.76,629,1030,2019,21,24,Abu Dhabi Grand Prix,2019-12-01,http://en.wikipedia.org/wiki/2019_Abu_Dhabi_Grand_Prix
2020,Austria,29,17,58.62,630,1031,2020,1,70,Austrian Grand Prix,2020-07-05,http://en.wikipedia.org/wiki/2020_Austrian_Grand_Prix
2020,Styria,49,31,63.27,631,1032,2020,2,70,Styrian Grand Prix,2020-07-12,http://en.wikipedia.org/wiki/2020_Styrian_Grand_Prix
2020,Hungary,44,23,52.27,632,1033,2020,3,11,Hungarian Grand Prix,2020-07-19,http://en.wikipedia.org/wiki/2020_Hungarian_Grand_Prix
2020,Great Britain,26,17,65.38,633,1034,2020,4,9,British Grand Prix,2020-08-02,http://en.wikipedia.org/wiki/2020_British_Grand_Prix
2020,70th Anniversary,29,16,55.17,634,1035,2020,5,9,70th Anniversary Grand Prix,2020-08-09,http://en.wikipedia.org/wiki/70th_Anniversary_Grand_Prix
2020,Spain,32,16,50.0,635,1036,2020,6,4,Spanish Grand Prix,2020-08-16,http://en.wikipedia.org/wiki/2020_Spanish_Grand_Prix
2020,Belgium,32,21,65.63,636,1037,2020,7,13,Belgian Grand Prix,2020-08-30,http://en.wikipedia.org/wiki/2020_Belgian_Grand_Prix
2020,Italy,36,25,69.44,637,1038,2020,8,14,Italian Grand Prix,2020-09-06,http://en.wikipedia.org/wiki/2020_Italian_Grand_Prix
2020,Tuscany,19,16,84.21,638,1039,2020,9,76,Tuscan Grand Prix,2020-09-13,http://en.wikipedia.org/wiki/2020_Tuscan_Grand_Prix
2020,Russia,31,25,80.65,639,1040,2020,10,71,Russian Grand Prix,2020-09-27,http://en.wikipedia.org/wiki/2020_Russian_Grand_Prix
2020,Eifel,41,23,56.1,640,1041,2020,11,20,Eifel Grand Prix,2020-10-11,http://en.wikipedia.org/wiki/2020_Eifel_Grand_Prix
2020,Portugal,69,38,55.07,641,1042,2020,12,75,Portuguese Grand Prix,2020-10-25,http://en.wikipedia.org/wiki/2020_Portuguese_Grand_Prix
2020,Emilia-Romagna,10,8,80.0,642,1043,2020,13,21,Emilia Romagna Grand Prix,2020-11-01,http://en.wikipedia.org/wiki/2020_Emilia_Romagna_Grand_Prix
2020,Turkey,42,23,54.76,643,1044,2020,14,5,Turkish Grand Prix,2020-11-15,http://en.wikipedia.org/wiki/2020_Turkish_Grand_Prix
2020,Bahrain,54,36,66.67,644,1045,2020,15,3,Bahrain Grand Prix,2020-11-29,http://en.wikipedia.org/wiki/2020_Bahrain_Grand_Prix
2020,Sakhir,51,31,60.78,645,1046,2020,16,3,Sakhir Grand Prix,2020-12-06,http://en.wikipedia.org/wiki/2020_Sakhir_Grand_Prix
2020,Abu Dhabi,34,22,64.71,646,1047,2020,17,24,Abu Dhabi Grand Prix,2020-12-13,http://en.wikipedia.org/wiki/2020_Abu_Dhabi_Grand_Prix
2021,Bahrain,75,42,56.0,647,1052,2021,1,3,Bahrain Grand Prix,2021-03-28,http://en.wikipedia.org/wiki/2021_Bahrain_Grand_Prix
2021,Emilia-Romagna,42,28,66.67,648,1053,2021,2,21,Emilia Romagna Grand Prix,2021-04-18,http://en.wikipedia.org/wiki/2021_Emilia_Romagna_Grand_Prix
2021,Portugal,45,29,64.44,649,1054,2021,3,75,Portuguese Grand Prix,2021-05-02,http://en.wikipedia.org/wiki/2021_Portuguese_Grand_Prix
2021,Spain,51,28,54.9,650,1055,2021,4,4,Spanish Grand Prix,2021-05-09,http://en.wikipedia.org/wiki/2021_Spanish_Grand_Prix
2021,Monaco,0,0,0.0,651,1056,2021,5,6,Monaco Grand Prix,2021-05-23,http://en.wikipedia.org/wiki/2021_Monaco_Grand_Prix
2021,Azerbaijan,27,16,59.26,652,1057,2021,6,73,Azerbaijan Grand Prix,2021-06-06,http://en.wikipedia.org/wiki/2021_Azerbaijan_Grand_Prix
2021,France,60,33,55.0,653,1059,2021,7,34,French Grand Prix,2021-06-20,http://en.wikipedia.org/wiki/2021_French_Grand_Prix
2021,Styria,24,14,58.33,654,1058,2021,8,70,Styrian Grand Prix,2021-06-27,http://en.wikipedia.org/wiki/2021_Styrian_Grand_Prix
2021,Austria,38,15,39.47,655,1060,2021,9,70,Austrian Grand Prix,2021-07-04,http://en.wikipedia.org/wiki/2021_Austrian_Grand_Prix
2021,Great Britain,29,17,58.62,656,1061,2021,10,9,British Grand Prix,2021-07-18,http://en.wikipedia.org/wiki/2021_British_Grand_Prix
2021,Hungary,17,16,94.12,657,1062,2021,11,11,Hungarian Grand Prix,2021-08-01,http://en.wikipedia.org/wiki/2021_Hungarian_Grand_Prix
2021,Belgium,0,0,0.0,658,1063,2021,12,13,Belgian Grand Prix,2021-08-29,http://en.wikipedia.org/wiki/2021_Belgian_Grand_Prix
2021,Netherlands,24,13,54.17,659,1064,2021,13,39,Dutch Grand Prix,2021-09-05,http://en.wikipedia.org/wiki/2021_Dutch_Grand_Prix
2021,Italy,23,17,73.91,660,1065,2021,14,14,Italian Grand Prix,2021-09-12,http://en.wikipedia.org/wiki/2021_Italian_Grand_Prix
2021,Russia,94,24,25.53,661,1066,2021,15,71,Russian Grand Prix,2021-09-26,http://en.wikipedia.org/wiki/2021_Russian_Grand_Prix
2021,Turkey,26,16,61.54,662,1067,2021,16,5,Turkish Grand Prix,2021-10-10,http://en.wikipedia.org/wiki/2021_Turkish_Grand_Prix
2021,USA,32,12,37.5,663,1069,2021,17,69,United States Grand Prix,2021-10-24,http://en.wikipedia.org/wiki/2021_United_States_Grand_Prix
2021,Mexico,23,11,47.83,664,1070,2021,18,32,Mexico City Grand Prix,2021-11-07,http://en.wikipedia.org/wiki/2021_Mexican_Grand_Prix
2021,Brazil,65,24,36.92,665,1071,2021,19,18,So Paulo Grand Prix,2021-11-14,http://en.wikipedia.org/wiki/2021_S%C3%A3o_Paulo_Grand_Prix
2021,Qatar,49,30,61.22,666,1051,2021,20,78,Qatar Grand Prix,2021-11-21,http://en.wikipedia.org/wiki/2021_Qatar_Grand_Prix
2021,Saudi Arabia,27,15,55.56,667,1072,2021,21,77,Saudi Arabian Grand Prix,2021-12-05,http://en.wikipedia.org/wiki/2021_Saudi_Arabian_Grand_Prix
2021,Abu Dhabi,36,17,47.22,668,1073,2021,22,24,Abu Dhabi Grand Prix,2021-12-12,http://en.wikipedia.org/wiki/2021_Abu_Dhabi_Grand_Prix
2022,Bahrain,78,36,46.15,669,1074,2022,1,3,Bahrain Grand Prix,2022-03-20,http://en.wikipedia.org/wiki/2022_Bahrain_Grand_Prix
2022,Saudi Arabia,32,21,65.63,670,1075,2022,2,77,Saudi Arabian Grand Prix,2022-03-27,http://en.wikipedia.org/wiki/2022_Saudi_Arabian_Grand_Prix
2022,Australia,34,20,58.82,671,1076,2022,3,1,Australian Grand Prix,2022-04-10,http://en.wikipedia.org/wiki/2022_Australian_Grand_Prix
2022,Emilia-Romagna,23,16,69.57,672,1077,2022,4,21,Emilia Romagna Grand Prix,2022-04-24,http://en.wikipedia.org/wiki/2022_Emilia_Romagna_Grand_Prix
2022,Miami,52,26,50.0,673,1078,2022,5,79,Miami Grand Prix,2022-05-08,http://en.wikipedia.org/wiki/2022_Miami_Grand_Prix
2022,Spain,48,28,58.33,674,1079,2022,6,4,Spanish Grand Prix,2022-05-22,http://en.wikipedia.org/wiki/2022_Spanish_Grand_Prix
2022,Monaco,13,2,15.38,675,1080,2022,7,6,Monaco Grand Prix,2022-05-29,http://en.wikipedia.org/wiki/2022_Monaco_Grand_Prix
2022,Azerbaijan,23,18,78.26,676,1081,2022,8,73,Azerbaijan Grand Prix,2022-06-12,http://en.wikipedia.org/wiki/2022_Azerbaijan_Grand_Prix
2022,Canada,35,22,62.86,677,1082,2022,9,7,Canadian Grand Prix,2022-06-19,http://en.wikipedia.org/wiki/2022_Canadian_Grand_Prix
2022,Great Britain,31,17,54.84,678,1083,2022,10,9,British Grand Prix,2022-07-03,http://en.wikipedia.org/wiki/2022_British_Grand_Prix
2022,Austria,67,42,62.69,679,1084,2022,11,70,Austrian Grand Prix,2022-07-10,http://en.wikipedia.org/wiki/2022_Austrian_Grand_Prix
2022,France,33,19,57.58,680,1085,2022,12,34,French Grand Prix,2022-07-24,http://en.wikipedia.org/wiki/2022_French_Grand_Prix
2022,Hungary,61,31,50.82,681,1086,2022,13,11,Hungarian Grand Prix,2022-07-31,http://en.wikipedia.org/wiki/2022_Hungarian_Grand_Prix
2022,Belgium,74,44,59.46,682,1087,2022,14,13,Belgian Grand Prix,2022-08-28,http://en.wikipedia.org/wiki/2022_Belgian_Grand_Prix
2022,Netherlands,23,18,78.26,683,1088,2022,15,39,Dutch Grand Prix,2022-09-04,http://en.wikipedia.org/wiki/2022_Dutch_Grand_Prix
2022,Italy,58,32,55.17,684,1089,2022,16,14,Italian Grand Prix,2022-09-11,http://en.wikipedia.org/wiki/2022_Italian_Grand_Prix
2022,Singapore,16,11,68.75,685,1091,2022,17,15,Singapore Grand Prix,2022-10-02,http://en.wikipedia.org/wiki/2022_Singapore_Grand_Prix
2022,Japan,28,13,46.43,686,1092,2022,18,22,Japanese Grand Prix,2022-10-09,http://en.wikipedia.org/wiki/2022_Japanese_Grand_Prix
2022,USA,85,35,41.18,687,1093,2022,19,69,United States Grand Prix,2022-10-23,http://en.wikipedia.org/wiki/2022_United_States_Grand_Prix
2022,Mexico,24,18,75.0,688,1094,2022,20,32,Mexico City Grand Prix,2022-10-30,http://en.wikipedia.org/wiki/2022_Mexican_Grand_Prix
2022,Brazil,77,41,53.25,689,1095,2022,21,18,So Paulo Grand Prix,2022-11-13,http://en.wikipedia.org/wiki/2022_Brazilian_Grand_Prix
2022,Abu Dhabi,79,40,50.63,690,1096,2022,22,24,Abu Dhabi Grand Prix,2022-11-20,http://en.wikipedia.org/wiki/2022_Abu_Dhabi_Grand_Prix
2023,Bahrain,37,19,51.35,691,1098,2023,1,3,Bahrain Grand Prix,2023-03-05,https://en.wikipedia.org/wiki/2023_Bahrain_Grand_Prix
2023,Saudi Arabia,36,17,47.22,692,1099,2023,2,77,Saudi Arabian Grand Prix,2023-03-19,https://en.wikipedia.org/wiki/2023_Saudi_Arabian_Grand_Prix
2023,Australia,29,19,65.52,693,1100,2023,3,1,Australian Grand Prix,2023-04-02,https://en.wikipedia.org/wiki/2023_Australian_Grand_Prix
2023,Azerbaijan,23,19,82.61,694,1101,2023,4,73,Azerbaijan Grand Prix,2023-04-30,https://en.wikipedia.org/wiki/2023_Azerbaijan_Grand_Prix
2023,Miami,62,43,69.35,695,1102,2023,5,79,Miami Grand Prix,2023-05-07,https://en.wikipedia.org/wiki/2023_Miami_Grand_Prix
2023,Monaco,22,12,54.55,696,1104,2023,6,6,Monaco Grand Prix,2023-05-28,https://en.wikipedia.org/wiki/2023_Monaco_Grand_Prix
2023,Spain,65,42,64.62,697,1105,2023,7,4,Spanish Grand Prix,2023-06-04,https://en.wikipedia.org/wiki/2023_Spanish_Grand_Prix
2023,Canada,20,19,95.0,698,1106,2023,8,7,Canadian Grand Prix,2023-06-18,https://en.wikipedia.org/wiki/2023_Canadian_Grand_Prix
2023,Austria,63,45,71.43,699,1107,2023,9,70,Austrian Grand Prix,2023-07-02,https://en.wikipedia.org/wiki/2023_Austrian_Grand_Prix
2023,Great Britain,26,17,65.38,700,1108,2023,10,9,British Grand Prix,2023-07-09,https://en.wikipedia.org/wiki/2023_British_Grand_Prix
2023,Hungary,16,15,93.75,701,1109,2023,11,11,Hungarian Grand Prix,2023-07-23,https://en.wikipedia.org/wiki/2023_Hungarian_Grand_Prix
2023,Belgium,75,50,66.67,702,1110,2023,12,13,Belgian Grand Prix,2023-07-30,https://en.wikipedia.org/wiki/2023_Belgian_Grand_Prix
2023,Netherlands,188,59,31.38,703,1111,2023,13,39,Dutch Grand Prix,2023-08-27,https://en.wikipedia.org/wiki/2023_Dutch_Grand_Prix
2023,Italy,31,15,48.39,704,1112,2023,14,14,Italian Grand Prix,2023-09-03,https://en.wikipedia.org/wiki/2023_Italian_Grand_Prix
2023,Singapore,42,23,54.76,705,1113,2023,15,15,Singapore Grand Prix,2023-09-17,https://en.wikipedia.org/wiki/2023_Singapore_Grand_Prix
2023,Japan,29,23,79.31,706,1114,2023,16,22,Japanese Grand Prix,2023-09-24,https://en.wikipedia.org/wiki/2023_Japanese_Grand_Prix
2023,Qatar,48,38,79.17,707,1115,2023,17,78,Qatar Grand Prix,2023-10-08,https://en.wikipedia.org/wiki/2023_Qatar_Grand_Prix
2023,USA,47,28,59.57,708,1116,2023,18,69,United States Grand Prix,2023-10-22,https://en.wikipedia.org/wiki/2023_United_States_Grand_Prix
2023,Mexico,48,29,60.42,709,1117,2023,19,32,Mexico City Grand Prix,2023-10-29,https://en.wikipedia.org/wiki/2023_Mexico_City_Grand_Prix
2023,Brazil,25,18,72.0,710,1118,2023,20,18,So Paulo Grand Prix,2023-11-05,https://en.wikipedia.org/wiki/2023_S%C3%A3o_Paulo_Grand_Prix
2023,Las Vegas,99,54,54.55,711,1119,2023,21,80,Las Vegas Grand Prix,2023-11-19,https://en.wikipedia.org/wiki/2023_Las_Vegas_Grand_Prix
2023,Abu Dhabi,70,50,71.43,712,1120,2023,22,24,Abu Dhabi Grand Prix,2023-11-26,https://en.wikipedia.org/wiki/2023_Abu_Dhabi_Grand_Prix
